chainage_m,x,y,longitude,latitude,dem_elevation_m
0.0,730628.84,1268773.38,77.114112,11.469807,267.66
100.0,730659.52,1268868.56,77.1144,11.470665,265.11
200.0,730690.19,1268963.74,77.114687,11.471523,250.47
300.0,730720.87,1269058.91,77.114975,11.472381,250.47
400.0,730743.86,1269155.84,77.115192,11.473256,250.47
500.0,730757.35,1269254.93,77.115322,11.47415,250.47
600.0,730770.85,1269354.01,77.115453,11.475045,249.51
700.0,730729.31,1269440.87,77.115078,11.475833,249.51
800.0,730675.13,1269524.92,77.114587,11.476596,249.51
900.0,730636.47,1269616.09,77.114239,11.477422,250.46
1000.0,730608.13,1269711.99,77.113986,11.478291,246.5
1100.0,730579.79,1269807.89,77.113733,11.479159,246.5
1200.0,730570.8,1269906.29,77.113657,11.480049,246.5
1300.0,730573.79,1270006.25,77.113691,11.480953,246.5
1400.0,730576.78,1270106.2,77.113725,11.481856,246.5
1500.0,730619.45,1270194.99,77.114122,11.482655,246.39
1600.0,730669.04,1270281.83,77.114582,11.483437,246.39
1700.0,730767.37,1270271.94,77.115483,11.483341,246.39
1800.0,730861.18,1270291.19,77.116343,11.483509,251.58
1900.0,730950.41,1270336.34,77.117164,11.483911,247.29
2000.0,731041.46,1270375.75,77.118001,11.484261,246.93
2100.0,731140.36,1270390.53,77.118908,11.484388,257.42
2200.0,731239.27,1270405.31,77.119815,11.484515,246.39
2300.0,731312.52,1270345.34,77.120483,11.483968,246.39
2400.0,731381.52,1270272.96,77.12111,11.483309,246.39
2500.0,731453.95,1270205.32,77.121769,11.482693,246.28
2600.0,731544.28,1270162.41,77.122594,11.482299,246.16
2700.0,731634.61,1270119.51,77.123419,11.481906,246.16
2800.0,731727.2,1270083.29,77.124265,11.481572,246.16
2900.0,731825.01,1270062.46,77.125159,11.481377,246.16
3000.0,731917.19,1270076.03,77.126005,11.481494,246.16
3100.0,732003.25,1270126.94,77.126797,11.481948,246.16
3200.0,732089.32,1270177.85,77.127589,11.482402,248.41
3300.0,732167.53,1270237.97,77.12831,11.482941,247.14
3400.0,732231.22,1270315.06,77.128898,11.483633,245.6
3500.0,732294.92,1270392.15,77.129487,11.484325,245.6
3600.0,732358.61,1270469.24,77.130076,11.485018,245.6
3700.0,732395.63,1270560.57,77.130422,11.485841,245.6
3800.0,732434.1,1270649.18,77.13078,11.486639,245.6
3900.0,732516.65,1270705.63,77.13154,11.487144,245.6
4000.0,732599.19,1270762.08,77.1323,11.487648,245.6
4100.0,732690.63,1270800.58,77.133141,11.48799,245.6
4200.0,732785.1,1270806.1,77.134007,11.488034,245.6
4300.0,732878.88,1270771.4,77.134864,11.487714,245.6
4400.0,732966.55,1270724.51,77.135664,11.487284,245.6
4500.0,733050.37,1270669.97,77.136428,11.486786,245.6
4600.0,733134.19,1270615.44,77.137193,11.486287,245.6
4700.0,733225.57,1270589.62,77.138028,11.486048,245.6
4800.0,733322.87,1270608.52,77.138921,11.486212,246.53
4900.0,733417.51,1270640.79,77.13979,11.486497,245.6
5000.0,733512.16,1270673.07,77.14066,11.486783,245.6
5100.0,733608.44,1270660.04,77.141541,11.486658,245.22
5200.0,733705.95,1270639.07,77.142433,11.486462,245.22
5300.0,733798.09,1270612.73,77.143276,11.486218,245.25
5400.0,733872.62,1270546.06,77.143954,11.48561,245.22
5500.0,733939.21,1270474.28,77.144559,11.484957,245.22
5600.0,733968.96,1270378.8,77.144825,11.484092,245.22
5700.0,733997.89,1270283.08,77.145084,11.483225,245.22
5800.0,734026.82,1270187.36,77.145342,11.482358,245.22
5900.0,734055.75,1270091.63,77.145601,11.481491,244.75
6000.0,734104.58,1270006.55,77.146042,11.480719,244.75
6100.0,734168.15,1269929.35,77.14662,11.480017,244.75
6200.0,734253.67,1269880.36,77.1474,11.479569,248.68
6300.0,734345.09,1269853.84,77.148236,11.479323,244.75
6400.0,734436.82,1269890.89,77.149079,11.479651,245.48
6500.0,734512.72,1269956.0,77.149778,11.480235,244.75
6600.0,734588.62,1270021.11,77.150478,11.480818,244.75
6700.0,734682.71,1270051.92,77.151343,11.48109,244.75
6800.0,734779.18,1270078.23,77.152228,11.481321,243.95
6900.0,734876.38,1270072.28,77.153119,11.481261,243.95
7000.0,734973.94,1270050.33,77.154011,11.481056,243.95
7100.0,735049.72,1269990.16,77.154701,11.480507,243.95
7200.0,735118.31,1269917.4,77.155325,11.479845,243.95
7300.0,735186.9,1269844.63,77.155948,11.479183,243.95
7400.0,735255.5,1269771.86,77.156572,11.47852,243.95
7500.0,735331.4,1269709.22,77.157263,11.477949,244.76
7600.0,735422.05,1269666.98,77.15809,11.477561,243.95
7700.0,735516.74,1269636.06,77.158956,11.477275,243.95
7800.0,735613.59,1269611.18,77.159842,11.477044,243.95
7900.0,735711.94,1269608.42,77.160742,11.477012,243.95
8000.0,735811.26,1269620.08,77.161653,11.477111,243.07
8100.0,735881.85,1269685.79,77.162304,11.4777,243.07
8200.0,735947.07,1269761.59,77.162907,11.478381,243.07
8300.0,736012.29,1269837.4,77.16351,11.479061,243.07
8400.0,736078.5,1269912.33,77.164122,11.479734,243.07
8500.0,736145.89,1269986.2,77.164744,11.480397,241.18
8600.0,736213.29,1270060.08,77.165367,11.48106,240.91
8700.0,736280.68,1270133.96,77.16599,11.481723,240.91
8800.0,736348.08,1270207.84,77.166612,11.482386,240.91
8900.0,736415.47,1270281.71,77.167235,11.483049,240.91
9000.0,736500.89,1270329.28,77.168021,11.483473,240.91
9100.0,736582.9,1270380.25,77.168776,11.483928,240.91
9200.0,736642.88,1270460.26,77.169331,11.484647,240.91
9300.0,736702.87,1270540.27,77.169886,11.485366,240.91
9400.0,736762.85,1270620.28,77.170441,11.486085,240.91
9500.0,736831.81,1270691.73,77.171078,11.486726,240.91
9600.0,736908.94,1270755.38,77.171789,11.487296,240.91
9700.0,736986.07,1270819.03,77.1725,11.487866,240.91
9800.0,737063.19,1270882.68,77.173211,11.488436,240.91
9900.0,737148.42,1270934.06,77.173996,11.488895,239.97
10000.0,737237.23,1270980.04,77.174813,11.489304,239.33
10100.0,737332.57,1270995.74,77.175687,11.489439,239.33
10200.0,737432.43,1270990.48,77.176602,11.489385,239.33
10300.0,737532.29,1270985.23,77.177516,11.489331,239.33
10400.0,737632.15,1270979.98,77.178431,11.489276,239.33
10500.0,737732.02,1270974.72,77.179346,11.489222,239.33
10600.0,737828.73,1270951.07,77.18023,11.489002,239.33
10700.0,737924.66,1270922.82,77.181107,11.48874,239.33
10800.0,738020.58,1270894.57,77.181984,11.488478,239.33
10900.0,738116.51,1270866.32,77.182861,11.488216,239.33
11000.0,738212.68,1270862.79,77.183742,11.488178,239.33
11100.0,738309.14,1270889.16,77.184628,11.488409,239.33
11200.0,738396.91,1270930.3,77.185435,11.488775,239.33
11300.0,738460.76,1271006.46,77.186025,11.489459,239.33
11400.0,738511.81,1271092.45,77.186499,11.490233,239.33
11500.0,738562.85,1271178.44,77.186973,11.491006,239.33
11600.0,738615.34,1271263.51,77.187459,11.491771,239.33
11700.0,738671.97,1271345.93,77.187984,11.492512,239.33
11800.0,738728.6,1271428.35,77.188509,11.493253,239.33
11900.0,738785.23,1271510.77,77.189033,11.493994,239.33
12000.0,738855.45,1271574.13,77.189681,11.494562,239.33
12100.0,738951.82,1271600.85,77.190566,11.494797,238.48
12200.0,739048.18,1271627.57,77.191451,11.495032,238.48
12300.0,739144.52,1271650.77,77.192335,11.495235,238.48
12400.0,739240.41,1271622.41,77.193212,11.494972,238.48
12500.0,739336.3,1271594.04,77.194088,11.494709,238.48
12600.0,739432.19,1271565.68,77.194965,11.494446,238.48
12700.0,739529.33,1271542.17,77.195853,11.494227,238.48
12800.0,739627.04,1271520.89,77.196747,11.494028,238.48
12900.0,739724.75,1271499.61,77.197641,11.493828,238.48
13000.0,739822.46,1271478.33,77.198535,11.493629,238.48
13100.0,739919.14,1271453.64,77.199419,11.4934,238.48
13200.0,740012.23,1271417.12,77.200269,11.493063,238.48
13300.0,740105.33,1271380.6,77.20112,11.492727,238.48
13400.0,740198.42,1271344.09,77.20197,11.49239,238.48
13500.0,740291.81,1271309.2,77.202823,11.492069,238.48
13600.0,740391.81,1271310.25,77.20374,11.492071,239.17
13700.0,740491.21,1271313.17,77.204651,11.492091,238.87
13800.0,740573.31,1271370.25,77.205407,11.492601,237.15
13900.0,740645.37,1271437.95,77.206072,11.493207,238.42
14000.0,740706.86,1271516.81,77.206641,11.493916,238.56
14100.0,740771.14,1271593.4,77.207235,11.494604,236.2
14200.0,740835.68,1271669.79,77.207832,11.495289,236.2
14300.0,740919.58,1271692.6,77.208602,11.49549,235.78
14400.0,741018.04,1271675.13,77.209503,11.495325,235.23
14500.0,741116.5,1271657.66,77.210404,11.49516,235.49
14600.0,741212.37,1271632.79,77.211281,11.494929,233.94
14700.0,741300.17,1271584.92,77.212082,11.49449,237.98
14800.0,741387.97,1271537.05,77.212883,11.494052,234.31
14900.0,741474.63,1271487.19,77.213674,11.493595,234.1
15000.0,741560.76,1271436.38,77.214459,11.49313,237.87
15100.0,741646.9,1271385.58,77.215245,11.492665,233.94
15200.0,741733.03,1271334.77,77.21603,11.492199,233.09
15300.0,741822.88,1271290.88,77.216851,11.491797,237.14
15400.0,741912.78,1271247.08,77.217671,11.491395,234.53
15500.0,742008.57,1271254.67,77.218549,11.491456,239.8
15600.0,742106.05,1271276.99,77.219444,11.491651,241.71
15700.0,742191.54,1271328.39,77.220231,11.49211,242.68
15800.0,742276.45,1271381.22,77.221013,11.492581,236.8
15900.0,742361.36,1271434.04,77.221795,11.493053,242.81
16000.0,742446.27,1271486.86,77.222576,11.493524,239.03
16100.0,742522.22,1271551.78,77.223277,11.494106,238.35
16200.0,742597.54,1271617.56,77.223972,11.494695,235.4
16300.0,742672.86,1271683.35,77.224666,11.495284,233.26
16400.0,742748.18,1271749.13,77.225361,11.495873,235.0
16500.0,742826.9,1271810.43,77.226087,11.496422,232.97
16600.0,742910.47,1271865.34,77.226856,11.496912,235.48
16700.0,742928.09,1271958.06,77.227024,11.497749,232.97
16800.0,742873.53,1272031.61,77.22653,11.498417,232.97
16900.0,742801.38,1272098.28,77.225873,11.499025,234.0
17000.0,742779.36,1272195.83,77.225678,11.499908,232.97
17100.0,742757.33,1272293.37,77.225484,11.500791,233.54
17200.0,742749.64,1272392.41,77.22542,11.501686,232.97
17300.0,742751.1,1272492.4,77.225441,11.50259,232.97
17400.0,742752.56,1272592.39,77.225461,11.503493,234.53
17500.0,742787.88,1272682.46,77.225791,11.504305,233.95
17600.0,742840.59,1272767.44,77.22628,11.505069,232.04
17700.0,742893.3,1272852.42,77.226769,11.505833,231.65
17800.0,742969.99,1272907.46,77.227476,11.506325,231.65
17900.0,743064.44,1272940.31,77.228343,11.506615,231.65
18000.0,743160.95,1272931.62,77.229227,11.50653,231.65
18100.0,743254.47,1272899.46,77.230082,11.506233,231.65
18200.0,743339.05,1272846.1,77.230853,11.505745,231.65
18300.0,743423.62,1272792.75,77.231624,11.505257,231.65
18400.0,743508.2,1272739.39,77.232395,11.504769,232.0
18500.0,743589.68,1272681.45,77.233138,11.504239,231.65
18600.0,743670.77,1272622.93,77.233877,11.503705,231.65
18700.0,743751.86,1272564.41,77.234615,11.50317,231.65
18800.0,743831.6,1272504.16,77.235342,11.50262,231.96
18900.0,743908.08,1272439.75,77.236038,11.502033,232.05
19000.0,743984.57,1272375.33,77.236734,11.501445,231.6
19100.0,744064.36,1272317.03,77.237461,11.500913,230.34
19200.0,744160.49,1272302.25,77.238341,11.500772,230.34
19300.0,744258.02,1272323.92,77.239236,11.500961,230.34
19400.0,744356.72,1272339.95,77.240142,11.501099,230.34
19500.0,744455.43,1272355.98,77.241047,11.501237,229.87
19600.0,744546.31,1272397.64,77.241883,11.501607,231.07
19700.0,744637.12,1272439.51,77.242718,11.501979,229.87
19800.0,744727.93,1272481.38,77.243553,11.502351,229.87
19900.0,744818.74,1272523.25,77.244388,11.502723,231.9
20000.0,744909.55,1272565.13,77.245223,11.503095,229.87
20100.0,745000.36,1272607.0,77.246058,11.503467,229.87
20200.0,745092.41,1272644.55,77.246904,11.5038,230.06
20300.0,745191.76,1272655.09,77.247815,11.503888,229.87
20400.0,745289.44,1272649.19,77.24871,11.503828,229.87
20500.0,745352.32,1272573.58,77.249281,11.50314,229.87
20600.0,745407.66,1272490.32,77.249782,11.502384,229.87
20700.0,745464.54,1272408.08,77.250297,11.501637,229.87
20800.0,745521.42,1272325.83,77.250812,11.500889,229.87
20900.0,745593.9,1272258.44,77.251471,11.500275,229.87
21000.0,745673.25,1272197.57,77.252194,11.49972,232.39
21100.0,745752.59,1272136.7,77.252917,11.499164,231.78
21200.0,745831.93,1272075.84,77.253639,11.498608,229.87
21300.0,745878.88,1271994.43,77.254064,11.497869,229.87
21400.0,745902.26,1271897.21,77.254271,11.496989,229.87
21500.0,745926.4,1271800.17,77.254485,11.49611,229.87
21600.0,745940.54,1271702.02,77.254608,11.495223,229.87
21700.0,745940.23,1271602.11,77.254598,11.49432,229.87
21800.0,745948.54,1271502.46,77.254666,11.493419,232.75
21900.0,746000.39,1271418.38,77.255136,11.492655,227.82
22000.0,746058.62,1271337.19,77.255663,11.491917,228.68
22100.0,746124.13,1271261.63,77.256258,11.49123,229.47
22200.0,746189.64,1271186.08,77.256853,11.490542,231.3
22300.0,746255.15,1271110.53,77.257448,11.489855,227.82
22400.0,746320.67,1271034.97,77.258042,11.489168,227.82
22500.0,746371.51,1270950.39,77.258502,11.4884,227.82
22600.0,746409.5,1270857.88,77.258844,11.487561,228.9
22700.0,746448.84,1270766.01,77.259197,11.486728,227.65
22800.0,746494.89,1270677.24,77.259613,11.485923,227.65
22900.0,746540.94,1270588.48,77.260028,11.485117,226.55
23000.0,746586.99,1270499.71,77.260444,11.484312,227.69
23100.0,746585.83,1270405.3,77.260426,11.483459,228.3
23200.0,746561.99,1270308.18,77.260201,11.482583,226.55
23300.0,746538.15,1270211.07,77.259976,11.481707,226.77
23400.0,746501.01,1270120.18,77.259629,11.480888,230.3
23500.0,746442.79,1270038.89,77.25909,11.480158,226.55
23600.0,746387.5,1269955.57,77.258577,11.479409,226.55
23700.0,746328.47,1269875.23,77.25803,11.478687,227.34
23800.0,746260.91,1269801.5,77.257406,11.478025,227.46
23900.0,746190.57,1269730.84,77.256757,11.477392,225.91
24000.0,746113.59,1269667.37,77.256047,11.476824,225.91
24100.0,746058.06,1269587.0,77.255532,11.476101,225.91
24200.0,746024.28,1269492.88,77.255216,11.475253,225.91
24300.0,745993.9,1269397.63,77.254931,11.474395,225.91
24400.0,745964.72,1269301.98,77.254657,11.473532,225.91
24500.0,745965.46,1269203.71,77.254656,11.472644,226.33
24600.0,745984.98,1269105.64,77.254828,11.471757,225.91
24700.0,746004.61,1269007.58,77.255001,11.470869,225.91
24800.0,746046.79,1268918.39,77.255381,11.47006,225.88
24900.0,746112.2,1268844.67,77.255975,11.469389,225.88
25000.0,746138.07,1268748.62,77.256205,11.46852,228.44
25100.0,746140.38,1268649.1,77.256219,11.46762,226.35
25200.0,746131.67,1268549.59,77.256132,11.466722,225.88
25300.0,746151.76,1268451.63,77.256309,11.465835,225.88
25400.0,746187.93,1268358.51,77.256634,11.464991,225.88
25500.0,746258.6,1268288.92,77.257276,11.464357,226.35
25600.0,746339.8,1268230.92,77.258016,11.463827,227.72
25700.0,746430.11,1268189.01,77.258841,11.463442,225.88
25800.0,746492.7,1268111.48,77.259408,11.462737,230.72
25900.0,746544.89,1268026.49,77.25988,11.461965,227.7
26000.0,746592.31,1267938.49,77.260308,11.461167,229.24
26100.0,746630.7,1267846.3,77.260653,11.460331,226.86
26200.0,746657.47,1267749.98,77.260892,11.459459,228.54
26300.0,746675.78,1267651.67,77.261053,11.458569,224.36
26400.0,746675.58,1267551.85,77.261043,11.457667,224.9
26500.0,746736.52,1267474.4,77.261596,11.456963,224.36
26600.0,746816.15,1267414.0,77.262321,11.456411,229.22
26700.0,746902.79,1267364.36,77.263112,11.455956,229.67
26800.0,746992.7,1267320.95,77.263932,11.455558,227.27
26900.0,747087.73,1267298.64,77.264801,11.455349,227.52
27000.0,747186.15,1267315.17,77.265704,11.455492,224.37
27100.0,747270.25,1267365.29,77.266478,11.455939,224.36
27200.0,747348.75,1267427.24,77.267201,11.456493,224.36
27300.0,747427.25,1267489.2,77.267925,11.457047,224.36
27400.0,747509.38,1267546.06,77.268682,11.457555,224.36
27500.0,747594.53,1267597.77,77.269465,11.458016,224.43
27600.0,747691.07,1267623.87,77.270352,11.458245,224.36
27700.0,747786.34,1267597.16,77.271223,11.457997,224.36
27800.0,747874.25,1267550.68,77.272024,11.457571,224.63
27900.0,747951.23,1267487.17,77.272725,11.456992,225.22
28000.0,748025.56,1267420.28,77.273401,11.456382,224.36
28100.0,748099.9,1267353.39,77.274077,11.455772,224.36
28200.0,748192.08,1267329.65,77.27492,11.455551,224.5
28300.0,748290.78,1267338.54,77.275825,11.455624,226.3
28400.0,748388.42,1267360.11,77.276721,11.455812,227.99
28500.0,748486.07,1267381.67,77.277617,11.456,224.36
28600.0,748583.53,1267404.07,77.278512,11.456196,224.36
28700.0,748665.39,1267459.04,77.279265,11.456686,224.36
28800.0,748742.79,1267522.21,77.279979,11.457252,224.61
28900.0,748812.93,1267593.49,77.280627,11.457891,224.36
29000.0,748883.07,1267664.76,77.281275,11.45853,226.39
29100.0,748957.81,1267731.01,77.281964,11.459123,224.27
29200.0,749051.84,1267753.15,77.282827,11.459317,225.12
29300.0,749151.56,1267745.69,77.28374,11.459242,227.55
29400.0,749250.97,1267735.24,77.28465,11.45914,226.21
29500.0,749350.08,1267721.97,77.285557,11.459013,227.6
29600.0,749448.68,1267706.51,77.286459,11.458867,224.27
29700.0,749543.22,1267673.91,77.287323,11.458565,229.4
29800.0,749638.73,1267644.49,77.288196,11.458293,226.64
29900.0,749731.38,1267609.89,77.289042,11.457973,224.27
30000.0,749769.97,1267517.94,77.289389,11.45714,224.27
30100.0,749809.42,1267426.08,77.289743,11.456307,224.27
30200.0,749851.97,1267335.59,77.290127,11.455486,224.27
30300.0,749933.01,1267282.21,77.290865,11.454998,224.68
30400.0,750029.29,1267268.06,77.291746,11.454863,224.27
30500.0,750122.55,1267302.67,77.292603,11.455169,224.27
30600.0,750195.08,1267368.03,77.293272,11.455754,224.27
30700.0,750247.38,1267452.84,77.293757,11.456517,226.61
30800.0,750272.67,1267544.77,77.293996,11.457346,224.27
30900.0,750254.47,1267643.06,77.293836,11.458236,224.27
31000.0,750233.0,1267740.73,77.293647,11.45912,224.27
31100.0,750231.1,1267840.14,77.293637,11.460018,224.27
31200.0,750235.0,1267940.07,77.29368,11.460921,224.27
31300.0,750254.25,1268037.05,77.293863,11.461796,224.27
31400.0,750288.49,1268130.93,77.294184,11.462642,224.27
31500.0,750335.04,1268219.44,77.294616,11.463438,224.27
31600.0,750381.59,1268307.94,77.295049,11.464234,224.27
31700.0,750416.0,1268401.68,77.295371,11.465079,224.27
31800.0,750448.4,1268496.29,77.295675,11.465932,224.27
31900.0,750469.24,1268593.88,77.295873,11.466812,224.27
32000.0,750474.91,1268693.44,77.295932,11.467711,224.27
32100.0,750475.88,1268793.43,77.295949,11.468615,225.05
32200.0,750472.75,1268893.35,77.295927,11.469518,224.27
32300.0,750469.73,1268993.3,77.295907,11.470421,224.27
32400.0,750468.57,1269093.29,77.295903,11.471325,228.83
32500.0,750468.4,1269193.29,77.295909,11.472229,227.55
32600.0,750515.0,1269279.22,77.296342,11.473002,223.44
32700.0,750546.17,1269373.03,77.296635,11.473847,218.13
32800.0,750569.38,1269470.3,77.296855,11.474725,219.21
32900.0,750608.9,1269553.64,77.297223,11.475475,217.73
33000.0,750701.35,1269591.76,77.298072,11.475813,217.73
33100.0,750793.8,1269629.88,77.298922,11.47615,217.73
33200.0,750879.65,1269594.51,77.299706,11.475825,217.73
33300.0,750963.84,1269540.54,77.300473,11.475331,217.73
33400.0,751048.9,1269487.98,77.301249,11.47485,217.73
33500.0,751131.61,1269433.2,77.302003,11.474349,217.73
33600.0,751188.0,1269350.62,77.302513,11.473598,217.73
33700.0,751251.81,1269278.05,77.303093,11.472938,217.73
33800.0,751347.25,1269248.2,77.303965,11.472661,217.73
33900.0,751442.84,1269221.46,77.304838,11.472413,217.87
34000.0,751540.91,1269240.94,77.305738,11.472582,217.08
34100.0,751634.81,1269269.98,77.306601,11.472837,217.02
34200.0,751718.66,1269324.48,77.307373,11.473324,216.92
34300.0,751785.34,1269397.6,77.307989,11.47398,216.92
34400.0,751846.47,1269476.74,77.308555,11.47469,216.92
34500.0,751907.6,1269555.88,77.309121,11.475401,216.92
34600.0,751968.54,1269635.16,77.309685,11.476113,216.92
34700.0,752029.27,1269714.61,77.310247,11.476827,216.92
34800.0,752080.31,1269799.71,77.310721,11.477592,216.92
34900.0,752119.63,1269891.66,77.311088,11.47842,216.92
35000.0,752158.95,1269983.6,77.311455,11.479248,216.92
35100.0,752249.7,1270020.93,77.312289,11.479579,216.92
35200.0,752343.84,1270054.64,77.313154,11.479876,216.92
35300.0,752441.73,1270064.8,77.314052,11.479961,216.92
35400.0,752541.69,1270061.89,77.314967,11.479928,216.93
35500.0,752641.64,1270058.99,77.315883,11.479894,216.34
35600.0,752741.6,1270056.09,77.316798,11.479861,218.58
35700.0,752840.76,1270047.61,77.317706,11.479777,216.27
35800.0,752937.5,1270022.3,77.31859,11.479541,216.27
35900.0,753034.25,1269996.99,77.319475,11.479305,216.06
36000.0,753130.99,1269971.68,77.320359,11.479069,216.0
36100.0,753228.52,1269949.68,77.321251,11.478864,215.66
36200.0,753326.29,1269928.67,77.322145,11.478667,216.17
36300.0,753422.68,1269902.78,77.323027,11.478426,217.16
36400.0,753516.94,1269869.39,77.323888,11.478117,216.8
36500.0,753611.09,1269835.68,77.324748,11.477806,215.0
36600.0,753701.25,1269793.05,77.32557,11.477414,215.0
36700.0,753790.61,1269755.84,77.326386,11.477071,216.23
36800.0,753889.12,1269738.66,77.327288,11.476908,215.0
36900.0,753986.84,1269718.11,77.328181,11.476716,215.0
37000.0,754051.42,1269649.85,77.328768,11.476094,215.0
37100.0,754058.14,1269550.4,77.328822,11.475195,215.0
37200.0,754094.07,1269461.17,77.329145,11.474386,215.0
37300.0,754161.21,1269390.31,77.329754,11.473741,215.2
37400.0,754192.75,1269295.68,77.330036,11.472883,215.0
37500.0,754200.56,1269196.21,77.330101,11.471984,215.0
37600.0,754215.53,1269097.34,77.33023,11.47109,215.0
37700.0,754269.18,1269018.91,77.330716,11.470377,215.0
37800.0,754350.55,1268963.1,77.331457,11.469867,215.0
37900.0,754444.53,1268994.36,77.332321,11.470142,215.0
38000.0,754536.33,1269033.96,77.333165,11.470493,214.39
38100.0,754614.39,1269093.93,77.333884,11.47103,214.22
38200.0,754660.13,1269182.29,77.33431,11.471825,213.51
38300.0,754685.27,1269277.89,77.334547,11.472687,212.56
38400.0,754701.89,1269370.12,77.334706,11.473519,212.59
38500.0,754682.48,1269468.16,77.334536,11.474406,212.88
38600.0,754653.08,1269563.39,77.334273,11.475269,213.64
38700.0,754640.43,1269661.66,77.334165,11.476158,212.26
38800.0,754654.54,1269760.51,77.334301,11.47705,212.26
38900.0,754681.25,1269856.76,77.334553,11.477918,215.43
39000.0,754735.74,1269939.79,77.335059,11.478664,214.39
39100.0,754808.54,1270008.03,77.335731,11.479275,212.26
39200.0,754893.96,1270057.42,77.336517,11.479715,212.26
39300.0,754947.51,1270139.78,77.337014,11.480456,212.26
39400.0,755041.36,1270159.52,77.337875,11.480627,212.26
39500.0,755140.91,1270161.75,77.338787,11.48064,212.08
39600.0,755236.45,1270190.05,77.339664,11.480889,212.08
39700.0,755333.14,1270215.17,77.340552,11.481108,212.08
39800.0,755433.05,1270212.36,77.341467,11.481076,212.13
39900.0,755529.14,1270189.7,77.342346,11.480864,212.08
40000.0,755627.89,1270181.65,77.34325,11.480784,212.08
40100.0,755720.68,1270144.54,77.344097,11.480442,212.09
40200.0,755814.84,1270111.05,77.344957,11.480132,212.08
40300.0,755905.96,1270070.0,77.345789,11.479755,213.24
40400.0,755952.83,1269988.76,77.346212,11.479017,212.08
40500.0,756011.88,1269914.79,77.346748,11.478344,212.08
40600.0,756104.61,1269888.26,77.347595,11.478098,212.08
40700.0,756203.87,1269896.91,77.348505,11.478169,212.08
40800.0,756295.28,1269931.13,77.349345,11.478471,212.08
40900.0,756378.95,1269985.9,77.350116,11.47896,212.08
41000.0,756471.1,1270024.0,77.350963,11.479297,212.08
41100.0,756564.0,1270061.0,77.351817,11.479625,212.08
41200.0,756646.97,1270110.76,77.352581,11.480068,212.08
41300.0,756701.66,1270194.34,77.353088,11.480819,212.08
41400.0,756748.04,1270282.93,77.35352,11.481616,212.08
41500.0,756836.9,1270325.12,77.354337,11.481991,212.08
41600.0,756925.7,1270369.25,77.355154,11.482383,212.08
41700.0,757001.47,1270434.5,77.355853,11.482967,212.08
41800.0,757081.63,1270493.42,77.356591,11.483494,212.08
41900.0,757169.43,1270541.28,77.357399,11.48392,212.08
42000.0,757251.29,1270596.73,77.358153,11.484415,211.52
42100.0,757318.75,1270670.54,77.358777,11.485077,211.52
42200.0,757399.62,1270727.27,77.359522,11.485583,211.43
42300.0,757491.2,1270762.59,77.360364,11.485896,209.03
42400.0,757590.82,1270771.25,77.361277,11.485967,209.03
42500.0,757678.24,1270727.75,77.362075,11.485567,209.03
42600.0,757770.44,1270691.79,77.362917,11.485235,209.03
42700.0,757866.87,1270665.4,77.363798,11.48499,209.03
42800.0,757957.23,1270624.58,77.364623,11.484614,209.03
42900.0,758037.46,1270565.45,77.365353,11.484074,209.03
43000.0,758111.69,1270498.47,77.366028,11.483463,209.03
43100.0,758182.82,1270428.26,77.366675,11.482823,209.03
43200.0,758249.06,1270353.35,77.367276,11.482142,209.03
43300.0,758327.9,1270292.35,77.367994,11.481584,207.31
43400.0,758393.25,1270217.37,77.368587,11.480902,208.67
43500.0,758467.87,1270151.24,77.369265,11.480299,207.0
43600.0,758533.82,1270076.16,77.369864,11.479616,207.0
43700.0,758614.79,1270021.79,77.370601,11.479118,207.0
43800.0,758701.59,1269972.88,77.371393,11.47867,207.59
43900.0,758796.75,1269952.32,77.372263,11.478477,207.0
44000.0,758895.88,1269939.91,77.37317,11.478358,207.62
44100.0,758995.68,1269946.17,77.374085,11.478407,207.0
44200.0,759088.03,1269981.89,77.374934,11.478723,207.0
44300.0,759181.04,1270018.23,77.375789,11.479044,207.0
44400.0,759267.92,1270067.42,77.376588,11.479482,207.0
44500.0,759358.0,1270110.4,77.377417,11.479864,207.0
44600.0,759445.27,1270158.92,77.37822,11.480296,207.0
44700.0,759533.17,1270205.38,77.379029,11.480709,207.0
44800.0,759630.37,1270224.45,77.379921,11.480874,208.41
44900.0,759728.13,1270203.42,77.380815,11.480676,204.92
45000.0,759786.21,1270123.34,77.381341,11.479949,205.73
45100.0,759840.63,1270039.47,77.381833,11.479187,203.0
45200.0,759877.96,1269948.48,77.382168,11.478362,203.0
45300.0,759913.03,1269858.85,77.382482,11.477549,203.04
45400.0,759994.81,1269805.27,77.383227,11.477059,202.9
45500.0,760088.29,1269769.77,77.384081,11.476731,202.9
45600.0,760180.21,1269730.55,77.38492,11.47637,202.9
45700.0,760272.41,1269692.67,77.385762,11.476021,203.46
45800.0,760370.61,1269685.68,77.386661,11.47595,203.32
45900.0,760452.92,1269742.46,77.387419,11.476457,201.69
46000.0,760543.93,1269753.09,77.388254,11.476546,201.69
46100.0,760638.79,1269734.75,77.389121,11.476373,201.78
46200.0,760713.73,1269794.6,77.389813,11.476909,201.69
46300.0,760776.63,1269872.35,77.390395,11.477606,201.69
46400.0,760841.02,1269948.84,77.39099,11.478293,202.11
46500.0,760907.54,1270023.49,77.391605,11.478962,201.69
46600.0,760975.25,1270097.08,77.392231,11.479622,201.69
46700.0,761039.52,1270173.62,77.392826,11.480309,201.69
46800.0,761089.71,1270258.53,77.393292,11.481072,201.69
46900.0,761141.55,1270342.71,77.393774,11.481829,201.69
47000.0,761228.98,1270387.37,77.394578,11.482226,201.69
47100.0,761327.65,1270382.33,77.395481,11.482173,201.69
47200.0,761425.15,1270360.64,77.396373,11.48197,201.69
47300.0,761521.03,1270332.41,77.397249,11.481707,201.69
47400.0,761618.01,1270308.9,77.398136,11.481488,201.69
47500.0,761717.0,1270311.28,77.399043,11.481502,201.58
47600.0,761813.43,1270336.37,77.399928,11.481721,201.58
47700.0,761897.55,1270389.28,77.400703,11.482193,201.58
47800.0,761983.16,1270440.19,77.401491,11.482647,201.58
47900.0,762070.31,1270488.44,77.402293,11.483076,201.58
48000.0,762147.3,1270551.6,77.403003,11.483641,201.58
48100.0,762214.77,1270625.36,77.403627,11.484302,201.58
48200.0,762291.49,1270688.04,77.404335,11.484863,201.58
48300.0,762359.31,1270757.73,77.404961,11.485487,201.58
48400.0,762376.01,1270855.06,77.405122,11.486365,201.58
48500.0,762419.33,1270945.18,77.405525,11.487177,201.58
48600.0,762460.22,1271036.44,77.405907,11.487998,201.58
48700.0,762465.69,1271135.7,77.405965,11.488894,201.58
48800.0,762460.13,1271235.22,77.405921,11.489794,201.58
48900.0,762440.0,1271332.74,77.405744,11.490677,201.58
49000.0,762407.41,1271427.28,77.405453,11.491534,201.58
49100.0,762363.29,1271517.01,77.405056,11.492348,201.58
49200.0,762319.06,1271606.7,77.404657,11.493161,202.1
49300.0,762276.94,1271697.37,77.404279,11.493984,201.14
49400.0,762236.5,1271788.82,77.403915,11.494813,200.2
49500.0,762207.59,1271884.56,77.403658,11.49568,199.85
49600.0,762214.53,1271982.07,77.403729,11.496561,199.85
49700.0,762253.45,1272071.06,77.404092,11.497362,199.85
49800.0,762328.84,1272134.24,77.404788,11.497927,199.85
49900.0,762426.69,1272145.24,77.405685,11.498019,199.85
50000.0,762526.62,1272149.17,77.406601,11.498047,199.85
50100.0,762623.85,1272126.71,77.40749,11.497837,200.85
50200.0,762721.45,1272105.09,77.408382,11.497634,199.85
50300.0,762819.87,1272102.14,77.409284,11.4976,199.85
50400.0,762918.82,1272116.55,77.410191,11.497723,199.85
50500.0,763018.44,1272120.81,77.411104,11.497754,199.85
50600.0,763115.77,1272105.87,77.411995,11.497611,199.85
50700.0,763209.4,1272071.22,77.41285,11.497291,199.85
50800.0,763306.44,1272047.92,77.413737,11.497073,199.85
50900.0,763406.36,1272052.12,77.414653,11.497104,197.55
51000.0,763493.57,1272100.03,77.415455,11.49753,197.63
51100.0,763569.38,1272163.37,77.416155,11.498097,197.0
51200.0,763632.4,1272239.43,77.416738,11.498779,196.3
51300.0,763649.8,1272337.0,77.416905,11.499659,196.14
51400.0,763705.46,1272418.18,77.417421,11.500389,197.15
51500.0,763791.62,1272468.39,77.418214,11.500836,196.2
51600.0,763883.9,1272506.92,77.419063,11.501177,196.38
51700.0,763979.63,1272533.51,77.419942,11.50141,195.0
