time [s];swlx [m];swly [m];swlz [m];pos0x [m];pos0y [m];pos0z [m];pos2x [m];pos2y [m];pos2z [m]
0.000000;100;0;235;100;0;235;100;0;290
1.000228;100;0;235;100;0;235;100;0;290
2.000642;100;0;235;100;0;235;100;0;290
3.001216;100;0;235;100;0;235;100;0;290
4.000723;100;0;235;100;0;235;100;0;290
5.000530;100;0;235;100;0;235;100;0;290
6.000466;100;0;262.013;100;0;235;100;0;290
7.000917;100;0;262.606;100;0;235;100;0;290
8.000668;100;0;262.975;100;0;235;100;0;290
9.000613;100;0;264.136;100;0;235;100;0;290
10.000023;100;0;264.175;100;0;235;100;0;290
11.000585;100;0;264.098;100;0;235;100;0;290
12.000514;100;0;264.661;100;0;235;100;0;290
13.000712;100;0;264.991;100;0;235;100;0;290
14.000931;100;0;264.989;100;0;235;100;0;290
15.000499;100;0;265.874;100;0;235;100;0;290
16.000367;100;0;265.853;100;0;235;100;0;290
17.000268;100;0;265.718;100;0;235;100;0;290
18.000285;100;0;265.521;100;0;235;100;0;290
19.000399;100;0;265.624;100;0;235;100;0;290
20.000549;100;0;265.801;100;0;235;100;0;290
21.000279;100;0;265.99;100;0;235;100;0;290
22.000474;100;0;265.953;100;0;235;100;0;290
23.000943;100;0;265.946;100;0;235;100;0;290
24.000486;100;0;265.92;100;0;235;100;0;290
25.000819;100;0;265.974;100;0;235;100;0;290
26.000265;100;0;265.914;100;0;235;100;0;290
27.000621;100;0;265.797;100;0;235;100;0;290
28.000525;100;0;265.834;100;0;235;100;0;290
29.000472;100;0;265.477;100;0;235;100;0;290
