Part;TimeStep [s];Steps;DTsMin;PartRuntime [s];NpSave;NpSim;NpNew;NpOut;NctSim;NpAlloc [X];NctAlloc [X];SimRuntime [s];NpbSim;NpfSim;NpNormal;NpOutPos;NpOutRho;NpOutMov;DtMin [s];DtMax [s];MemCPU [MiB];MemGPU [MiB];MemGPU_Cells [MiB];NpAlloc;NctAlloc
0;0;0;0;0.000000;10,982;10,982;0;0;968;1.011655;10.010331;0.000000;4,182;6,800;10,982;0;0;0;0;0;1.757610;0.000000;0.000000;11,110;9,690
1;1.000228440565933;765;0;1.631047;10,982;10,982;0;0;992;1.011655;9.768145;1.631047;4,182;6,800;10,982;0;0;0;0.001195287357197984;0.001353300719050925;1.799992;0.000000;0.000000;11,110;9,690
2;2.00064189555797;769;0;1.488646;10,982;10,982;0;0;1,048;1.011655;9.246183;3.126601;4,182;6,800;10,982;0;0;0;0.001193798705665202;0.001345448420338345;1.799992;0.000000;0.000000;11,110;9,690
3;3.001215583160727;794;0;1.553551;10,982;10,982;0;0;1,096;1.011655;8.841241;4.688178;4,182;6,800;10,982;0;0;0;0.001091925460174255;0.001347774893219729;1.799992;0.000000;0.000000;11,110;9,690
4;4.000722537225224;783;0;1.541393;10,982;10,982;0;0;1,287;1.011655;7.529138;6.237233;4,182;6,800;10,982;0;0;0;0.001019669650026778;0.001351987243224433;1.799992;0.000000;0.000000;11,110;9,690
5;5.000529964160965;880;0;1.739061;10,982;10,982;0;0;1,350;1.011655;7.177778;7.984191;4,182;6,800;10,982;0;0;0;0.0009499585010834216;0.001306596357425846;1.799992;0.000000;0.000000;11,110;9,690
6;6.000465874304758;834;0;1.669457;10,982;10,982;0;0;1,404;1.011655;6.901709;9.661603;4,182;6,800;10,982;0;0;0;0.001081616386275137;0.001302545737126615;1.799992;0.000000;0.000000;11,110;9,690
7;7.000916623660427;790;0;1.554939;10,982;10,982;0;0;1,458;1.011655;6.646091;11.224439;4,182;6,800;10,982;0;0;0;0.001136202400917253;0.001329692530918467;1.799992;0.000000;0.000000;11,110;9,690
8;8.000667612660747;769;0;1.564513;10,982;10,982;0;0;1,690;1.011655;5.733728;12.797297;4,182;6,800;10,982;0;0;0;0.001212423830440731;0.001337676522899585;1.799992;0.000000;0.000000;11,110;9,690
9;9.000612548143634;839;0;1.695041;10,982;10,982;0;0;1,750;1.011655;5.537143;14.500327;4,182;6,800;10,982;0;0;0;0.001071389270109363;0.001333533240751784;1.799992;0.000000;0.000000;11,110;9,690
10;10.00002254409912;832;0;1.649071;10,982;10,982;0;0;1,820;1.011655;5.324176;16.158305;4,182;6,800;10,982;0;0;0;0.0009746604739601676;0.001300532643341621;1.799992;0.000000;0.000000;11,110;9,690
11;11.00058471326692;939;0;1.931749;10,982;10,982;0;0;1,880;1.011655;5.154255;18.098257;4,182;6,800;10,982;0;0;0;0.0009203963633616845;0.001234376691007952;1.799992;0.000000;0.000000;11,110;9,690
12;12.00051424580411;956;0;2.040399;10,982;10,982;0;0;2,145;1.011655;4.517483;20.146775;4,182;6,800;10,982;0;0;0;0.0008353217607670578;0.001160557627498837;1.799992;0.000000;0.000000;11,110;9,690
13;13.00071169666051;1,003;0;2.077528;10,982;10,982;0;0;2,222;1.011655;4.360936;22.234647;4,182;6,800;10,982;0;0;0;0.000673094412689669;0.001165375664643938;1.799992;0.000000;0.000000;11,110;9,690
14;14.00093126205319;1,010;0;2.135661;10,982;10,982;0;0;2,484;1.011655;3.900966;24.378374;4,182;6,800;10,982;0;0;0;0.0007826634564184596;0.001204411545069511;1.799992;0.000000;0.000000;11,110;9,690
15;15.00049853978762;972;0;2.093122;10,982;10,982;0;0;2,556;1.011655;3.791080;26.481638;4,182;6,800;10,982;0;0;0;0.0008452865875416731;0.001143022308643648;1.799992;0.000000;0.000000;11,110;9,690
16;16.00036719013066;937;0;1.938373;10,982;10,982;0;0;2,628;1.011655;3.687215;28.429522;4,182;6,800;10,982;0;0;0;0.0008376544550397901;0.001193821161053934;1.799992;0.000000;0.000000;11,110;9,690
17;17.00026801670541;962;0;2.059266;10,982;10,982;0;0;2,700;1.011655;3.588889;30.497052;4,182;6,800;10,982;0;0;0;0.0009123699749519734;0.001182224863000699;1.799992;0.000000;0.000000;11,110;9,690
18;18.00028504762661;1,005;0;2.052654;10,982;10,982;0;0;2,530;1.011655;3.830040;32.560613;4,182;6,800;10,982;0;0;0;0.000749307802235258;0.001183580180036423;1.799992;0.000000;0.000000;11,110;9,690
19;19.00039930659155;958;0;2.124190;10,982;10,982;0;0;2,574;1.011655;3.764569;34.696118;4,182;6,800;10,982;0;0;0;0.0008263703413482495;0.001241411219321129;1.799992;0.000000;0.000000;11,110;9,690
20;20.00054896731883;966;0;2.011424;10,982;10,982;0;0;2,629;1.011655;3.685812;36.717168;4,182;6,800;10,982;0;0;0;0.0008203730557694235;0.001249779524086696;1.799992;0.000000;0.000000;11,110;9,690
21;21.00027890313364;890;0;1.964079;10,982;10,982;0;0;2,684;1.011655;3.610283;38.690917;4,182;6,800;10,982;0;0;0;0.000907397276762896;0.001260104803344449;1.799992;0.000000;0.000000;11,110;9,690
22;22.00047406839777;864;0;1.817302;10,982;10,982;0;0;2,750;1.011655;3.523636;40.516310;4,182;6,800;10,982;0;0;0;0.001025860107178311;0.001265119876860125;1.799992;0.000000;0.000000;11,110;9,690
23;23.00094336943583;887;0;1.892332;10,982;10,982;0;0;2,783;1.011655;3.481854;42.416712;4,182;6,800;10,982;0;0;0;0.0008087182892849766;0.001265233701828869;1.799992;0.000000;0.000000;11,110;9,690
24;24.00048642208272;859;0;1.919082;10,982;10,982;0;0;3,072;1.011655;3.154297;44.344652;4,182;6,800;10,982;0;0;0;0.0009923179573988932;0.001275773354494158;1.799992;0.000000;0.000000;11,110;9,690
25;25.00081912273709;841;0;1.793428;10,982;10,982;0;0;3,108;1.011655;3.117761;46.147635;4,182;6,800;10,982;0;0;0;0.001016493674552351;0.001268262595078245;1.799992;0.000000;0.000000;11,110;9,690
26;26.00026453937198;843;0;1.860454;10,982;10,982;0;0;2,882;1.011655;3.362248;48.016388;4,182;6,800;10,982;0;0;0;0.00105043574358318;0.001257038493287741;1.799992;0.000000;0.000000;11,110;9,690
27;27.00062130405528;840;0;1.798349;10,982;10,982;0;0;3,180;1.011655;3.047170;49.822851;4,182;6,800;10,982;0;0;0;0.0009744168871157607;0.001291848738252289;1.799992;0.000000;0.000000;11,110;9,690
28;28.00052532703952;837;0;1.777800;10,982;10,982;0;0;3,216;1.011655;3.013060;51.608654;4,182;6,800;10,982;0;0;0;0.001064235129102346;0.001287548899856029;1.799992;0.000000;0.000000;11,110;9,690
29;29.00047238562698;836;0;1.927821;10,982;10,982;0;0;2,992;1.011655;3.238636;53.546210;4,182;6,800;10,982;0;0;0;0.001041962285078595;0.001274497080397513;1.799992;0.000000;0.000000;11,110;9,690
30;30.00099159438954;822;0;1.688515;10,982;10,982;0;0;3,025;1.011655;3.203306;55.245321;4,182;6,800;10,982;0;0;0;0.001076930431345245;0.001286746205243557;1.799992;0.000000;0.000000;11,110;9,690

# Part:  Number of output file with particles data.
# TimeStep [s]:  Physical time of simulation.
# Steps:  Number of calculation steps since the previous PART.
# DTsMin:  Number of times the Dt is updated with the minimum allowed value (can be 2 times per step when Symplectic is used).
# PartRuntime [s]:  Runtime of last PART simulation.
# NpSave:  Number of selected particles to save.
# NpSim:  Number of particles used in simulation (normal + periodic particles).
# NpNew:  Number of new fluid particles created by inlet conditions since the previous PART.
# NpOut:  Number of excluded fluid particles since the previous PART.
# NctSim:  Number of cells used in simulation for particle search.
# NpAlloc [X]:  Over-allocation memory for particles NpAlloc/NpSim.
# NctAlloc [X]:  Over-allocation memory for cells NctAlloc/NctSim.
# SimRuntime [s]:  Total runtime of simulation (initialisation tasks not included).
# NpbSim:  Number of fixed and moving particles (includes periodic particles).
# NpfSim:  Number of fluid and floating particles (includes periodic particles).
# NpNormal:  Total number of particles without periodic particles.
# NpOutPos:  Number of excluded particles due to invalid position.
# NpOutRho:  Number of excluded particles due to invalid density.
# NpOutMov:  Number of excluded particles due to invalid movement.
# DtMin [s]:  Minimum value of Dt since the previous PART.
# DtMax [s]:  Maximum value of Dt since the previous PART.
# MemCPU [MiB]:  Current CPU memory allocated (only includes the most memory intensive objects).
# MemGPU [MiB]:  Current GPU memory allocated (only includes the most memory intensive objects).
# MemGPU_Cells [MiB]:  Current GPU memory allocated for cells according to NctAlloc.
# NpAlloc:  Number of supported particles with memory allocated.
# NctAlloc:  Number of supported cells with memory allocated.
