time_s,time_hr,discharge_m3s,cumulative_volume_m3,normalized_discharge
0.0,0.0,0.0,0.0,0.0
60.0,0.0167,95.6954,2870.86,0.0043
120.0,0.0333,191.3907,11483.44,0.0086
180.0,0.05,287.0861,25837.75,0.0129
240.0,0.0667,382.7814,45933.77,0.0173
300.0,0.0833,478.4768,71771.52,0.0216
360.0,0.1,574.1721,103350.99,0.0259
420.0,0.1167,669.8675,140672.18,0.0302
480.0,0.1333,765.5628,183735.08,0.0345
540.0,0.15,861.2582,232539.71,0.0388
600.0,0.1667,956.9535,287086.07,0.0431
660.0,0.1833,1052.6489,347374.14,0.0475
720.0,0.2,1148.3442,413403.93,0.0518
780.0,0.2167,1244.0396,485175.44,0.0561
840.0,0.2333,1339.7349,562688.68,0.0604
900.0,0.25,1435.4303,645943.64,0.0647
960.0,0.2667,1531.1257,734940.32,0.069
1020.0,0.2833,1626.821,829678.72,0.0733
1080.0,0.3,1722.5164,930158.84,0.0777
1140.0,0.3167,1818.2117,1036380.68,0.082
1200.0,0.3333,1913.9071,1148344.25,0.0863
1260.0,0.35,2009.6024,1266049.53,0.0906
1320.0,0.3667,2105.2978,1389496.54,0.0949
1380.0,0.3833,2200.9931,1518685.26,0.0992
1440.0,0.4,2296.6885,1653615.71,0.1035
1500.0,0.4167,2392.3838,1794287.88,0.1079
1560.0,0.4333,2488.0792,1940701.77,0.1122
1620.0,0.45,2583.7745,2092857.38,0.1165
1680.0,0.4667,2679.4699,2250754.71,0.1208
1740.0,0.4833,2775.1652,2414393.77,0.1251
1800.0,0.5,2870.8606,2583774.54,0.1294
1860.0,0.5167,2966.556,2758897.04,0.1337
1920.0,0.5333,3062.2513,2939761.26,0.1381
1980.0,0.55,3157.9467,3126367.2,0.1424
2040.0,0.5667,3253.642,3318714.86,0.1467
2100.0,0.5833,3349.3374,3516804.24,0.151
2160.0,0.6,3445.0327,3720635.34,0.1553
2220.0,0.6167,3540.7281,3930208.17,0.1596
2280.0,0.6333,3636.4234,4145522.71,0.1639
2340.0,0.65,3732.1188,4366578.98,0.1683
2400.0,0.6667,3827.8141,4593376.96,0.1726
2460.0,0.6833,3923.5095,4825916.67,0.1769
2520.0,0.7,4019.2048,5064198.1,0.1812
2580.0,0.7167,4114.9002,5308221.25,0.1855
2640.0,0.7333,4210.5955,5557986.12,0.1898
2700.0,0.75,4306.2909,5813492.72,0.1941
2760.0,0.7667,4401.9863,6074741.03,0.1985
2820.0,0.7833,4497.6816,6341731.07,0.2028
2880.0,0.8,4593.377,6614462.83,0.2071
2940.0,0.8167,4689.0723,6892936.31,0.2114
3000.0,0.8333,4784.7677,7177151.51,0.2157
3060.0,0.85,4880.463,7467108.43,0.22
3120.0,0.8667,4976.1584,7762807.07,0.2243
3180.0,0.8833,5071.8537,8064247.43,0.2287
3240.0,0.9,5167.5491,8371429.52,0.233
3300.0,0.9167,5263.2444,8684353.32,0.2373
3360.0,0.9333,5358.9398,9003018.85,0.2416
3420.0,0.95,5454.6351,9327426.09,0.2459
3480.0,0.9667,5550.3305,9657575.06,0.2502
3540.0,0.9833,5646.0258,9993465.75,0.2545
3600.0,1.0,5741.7212,10335098.16,0.2589
3660.0,1.0167,5837.4166,10682472.29,0.2632
3720.0,1.0333,5933.1119,11035588.15,0.2675
3780.0,1.05,6028.8073,11394445.72,0.2718
3840.0,1.0667,6124.5026,11759045.02,0.2761
3900.0,1.0833,6220.198,12129386.04,0.2804
3960.0,1.1,6315.8933,12505468.78,0.2847
4020.0,1.1167,6411.5887,12887293.24,0.2891
4080.0,1.1333,6507.284,13274859.42,0.2934
4140.0,1.15,6602.9794,13668167.32,0.2977
4200.0,1.1667,6698.6747,14067216.94,0.302
4260.0,1.1833,6794.3701,14472008.29,0.3063
4320.0,1.2,6890.0654,14882541.35,0.3106
4380.0,1.2167,6985.7608,15298816.14,0.3149
4440.0,1.2333,7081.4561,15720832.65,0.3193
4500.0,1.25,7177.1515,16148590.88,0.3236
4560.0,1.2667,7272.8469,16582090.83,0.3279
4620.0,1.2833,7368.5422,17021332.5,0.3322
4680.0,1.3,7464.2376,17466315.89,0.3365
4740.0,1.3167,7559.9329,17917041.01,0.3408
4800.0,1.3333,7655.6283,18373507.84,0.3451
4860.0,1.35,7751.3236,18835716.4,0.3495
4920.0,1.3667,7847.019,19303666.68,0.3538
4980.0,1.3833,7942.7143,19777358.68,0.3581
5040.0,1.4,8038.4097,20256792.4,0.3624
5100.0,1.4167,8134.105,20741967.84,0.3667
5160.0,1.4333,8229.8004,21232885.0,0.371
5220.0,1.45,8325.4957,21729543.88,0.3753
5280.0,1.4667,8421.1911,22231944.49,0.3797
5340.0,1.4833,8516.8864,22740086.81,0.384
5400.0,1.5,8612.5818,23253970.86,0.3883
5460.0,1.5167,8708.2772,23773596.63,0.3926
5520.0,1.5333,8803.9725,24298964.12,0.3969
5580.0,1.55,8899.6679,24830073.33,0.4012
5640.0,1.5667,8995.3632,25366924.27,0.4055
5700.0,1.5833,9091.0586,25909516.92,0.4099
5760.0,1.6,9186.7539,26457851.3,0.4142
5820.0,1.6167,9282.4493,27011927.39,0.4185
5880.0,1.6333,9378.1446,27571745.21,0.4228
5940.0,1.65,9473.84,28137304.75,0.4271
6000.0,1.6667,9569.5353,28708606.0,0.4314
6060.0,1.6833,9665.2307,29285648.98,0.4357
6120.0,1.7,9760.926,29868433.69,0.4401
6180.0,1.7167,9856.6214,30456960.11,0.4444
6240.0,1.7333,9952.3167,31051228.25,0.4487
6300.0,1.75,10048.0121,31651238.12,0.453
6360.0,1.7667,10143.7075,32256989.7,0.4573
6420.0,1.7833,10239.4028,32868483.01,0.4616
6480.0,1.8,10335.0982,33485718.04,0.4659
6540.0,1.8167,10430.7935,34108694.79,0.4703
6600.0,1.8333,10526.4889,34737413.26,0.4746
6660.0,1.85,10622.1842,35371873.46,0.4789
6720.0,1.8667,10717.8796,36012075.37,0.4832
6780.0,1.8833,10813.5749,36658019.01,0.4875
6840.0,1.9,10909.2703,37309704.36,0.4918
6900.0,1.9167,11004.9656,37967131.44,0.4961
6960.0,1.9333,11100.661,38630300.24,0.5005
7020.0,1.95,11196.3563,39299210.76,0.5048
7080.0,1.9667,11292.0517,39973863.0,0.5091
7140.0,1.9833,11387.747,40654256.96,0.5134
7200.0,2.0,11483.4424,41340392.64,0.5177
7260.0,2.0167,11579.1378,42032270.05,0.522
7320.0,2.0333,11674.8331,42729889.17,0.5263
7380.0,2.05,11770.5285,43433250.02,0.5307
7440.0,2.0667,11866.2238,44142352.59,0.535
7500.0,2.0833,11961.9192,44857196.88,0.5393
7560.0,2.1,12057.6145,45577782.89,0.5436
7620.0,2.1167,12153.3099,46304110.62,0.5479
7680.0,2.1333,12249.0052,47036180.08,0.5522
7740.0,2.15,12344.7006,47773991.25,0.5565
7800.0,2.1667,12440.3959,48517544.14,0.5609
7860.0,2.1833,12536.0913,49266838.76,0.5652
7920.0,2.2,12631.7866,50021875.1,0.5695
7980.0,2.2167,12727.482,50782653.16,0.5738
8040.0,2.2333,12823.1773,51549172.93,0.5781
8100.0,2.25,12918.8727,52321434.43,0.5824
8160.0,2.2667,13014.5681,53099437.66,0.5867
8220.0,2.2833,13110.2634,53883182.6,0.5911
8280.0,2.3,13205.9588,54672669.27,0.5954
8340.0,2.3167,13301.6541,55467897.66,0.5997
8400.0,2.3333,13397.3495,56268867.76,0.604
8460.0,2.35,13493.0448,57075579.59,0.6083
8520.0,2.3667,13588.7402,57888033.14,0.6126
8580.0,2.3833,13684.4355,58706228.42,0.6169
8640.0,2.4,13780.1309,59530165.41,0.6213
8700.0,2.4167,13875.8262,60359844.12,0.6256
8760.0,2.4333,13971.5216,61195264.55,0.6299
8820.0,2.45,14067.2169,62036426.71,0.6342
8880.0,2.4667,14162.9123,62883330.58,0.6385
8940.0,2.4833,14258.6076,63735976.18,0.6428
9000.0,2.5,14354.303,64594363.5,0.6471
9060.0,2.5167,14449.9984,65458492.54,0.6515
9120.0,2.5333,14545.6937,66328363.3,0.6558
9180.0,2.55,14641.3891,67203975.79,0.6601
9240.0,2.5667,14737.0844,68085329.99,0.6644
9300.0,2.5833,14832.7798,68972425.92,0.6687
9360.0,2.6,14928.4751,69865263.57,0.673
9420.0,2.6167,15024.1705,70763842.94,0.6773
9480.0,2.6333,15119.8658,71668164.02,0.6817
9540.0,2.65,15215.5612,72578226.83,0.686
9600.0,2.6667,15311.2565,73494031.37,0.6903
9660.0,2.6833,15406.9519,74415577.62,0.6946
9720.0,2.7,15502.6472,75342865.59,0.6989
9780.0,2.7167,15598.3426,76275895.28,0.7032
9840.0,2.7333,15694.0379,77214666.7,0.7075
9900.0,2.75,15789.7333,78159179.84,0.7119
9960.0,2.7667,15885.4287,79109434.7,0.7162
10020.0,2.7833,15981.124,80065431.28,0.7205
10080.0,2.8,16076.8194,81027169.58,0.7248
10140.0,2.8167,16172.5147,81994649.6,0.7291
10200.0,2.8333,16268.2101,82967871.35,0.7334
10260.0,2.85,16363.9054,83946834.81,0.7377
10320.0,2.8667,16459.6008,84931540.0,0.7421
10380.0,2.8833,16555.2961,85921986.9,0.7464
10440.0,2.9,16650.9915,86918175.53,0.7507
10500.0,2.9167,16746.6868,87920105.88,0.755
10560.0,2.9333,16842.3822,88927777.95,0.7593
10620.0,2.95,16938.0775,89941191.74,0.7636
10680.0,2.9667,17033.7729,90960347.25,0.7679
10740.0,2.9833,17129.4682,91985244.49,0.7723
10800.0,3.0,17225.1636,93015883.44,0.7766
10860.0,3.0167,17320.859,94052264.12,0.7809
10920.0,3.0333,17416.5543,95094386.52,0.7852
10980.0,3.05,17512.2497,96142250.64,0.7895
11040.0,3.0667,17607.945,97195856.48,0.7938
11100.0,3.0833,17703.6404,98255204.04,0.7981
11160.0,3.1,17799.3357,99320293.32,0.8025
11220.0,3.1167,17895.0311,100391124.33,0.8068
11280.0,3.1333,17990.7264,101467697.05,0.8111
11340.0,3.15,18086.4218,102550011.5,0.8154
11400.0,3.1667,18182.1171,103638067.67,0.8197
11460.0,3.1833,18277.8125,104731865.55,0.824
11520.0,3.2,18373.5078,105831405.16,0.8283
11580.0,3.2167,18469.2032,106936686.49,0.8327
11640.0,3.2333,18564.8985,108047709.54,0.837
11700.0,3.25,18660.5939,109164474.32,0.8413
11760.0,3.2667,18756.2893,110286980.81,0.8456
11820.0,3.2833,18851.9846,111415229.03,0.8499
11880.0,3.3,18947.68,112549218.97,0.8542
11940.0,3.3167,19043.3753,113688950.63,0.8585
12000.0,3.3333,19139.0707,114834424.01,0.8629
12060.0,3.35,19234.766,115985639.11,0.8672
12120.0,3.3667,19330.4614,117142595.93,0.8715
12180.0,3.3833,19426.1567,118305294.47,0.8758
12240.0,3.4,19521.8521,119473734.74,0.8801
12300.0,3.4167,19617.5474,120647916.72,0.8844
12360.0,3.4333,19713.2428,121827840.43,0.8887
12420.0,3.45,19808.9381,123013505.85,0.8931
12480.0,3.4667,19904.6335,124204913.0,0.8974
12540.0,3.4833,20000.3288,125402061.87,0.9017
12600.0,3.5,20096.0242,126604952.46,0.906
12660.0,3.5167,20191.7196,127813584.77,0.9103
12720.0,3.5333,20287.4149,129027958.81,0.9146
12780.0,3.55,20383.1103,130248074.57,0.9189
12840.0,3.5667,20478.8056,131473932.04,0.9233
12900.0,3.5833,20574.501,132705531.24,0.9276
12960.0,3.6,20670.1963,133942872.16,0.9319
13020.0,3.6167,20765.8917,135185954.8,0.9362
13080.0,3.6333,20861.587,136434779.16,0.9405
13140.0,3.65,20957.2824,137689345.24,0.9448
13200.0,3.6667,21052.9777,138949653.04,0.9491
13260.0,3.6833,21148.6731,140215702.57,0.9534
13320.0,3.7,21244.3684,141487493.81,0.9578
13380.0,3.7167,21340.0638,142765026.78,0.9621
13440.0,3.7333,21435.7591,144048301.47,0.9664
13500.0,3.75,21531.4545,145337317.87,0.9707
13560.0,3.7667,21627.1499,146632076.01,0.975
13620.0,3.7833,21722.8452,147932575.86,0.9793
13680.0,3.8,21818.5406,149238817.43,0.9836
13740.0,3.8167,21914.2359,150550800.73,0.988
13800.0,3.8333,22009.9313,151868525.74,0.9923
13860.0,3.85,22105.6266,153191992.48,0.9966
13907.39,3.8632,22181.21,154241369.08,1.0
13920.0,3.8667,22176.2566,154521042.9,0.9998
13980.0,3.8833,22152.6878,155850911.23,0.9987
14040.0,3.9,22129.119,157179365.44,0.9977
14100.0,3.9167,22105.5501,158506405.51,0.9966
14160.0,3.9333,22081.9813,159832031.45,0.9955
14220.0,3.95,22058.4125,161156243.27,0.9945
14280.0,3.9667,22034.8436,162479040.95,0.9934
14340.0,3.9833,22011.2748,163800424.5,0.9923
14400.0,4.0,21987.706,165120393.93,0.9913
14460.0,4.0167,21964.1372,166438949.22,0.9902
14520.0,4.0333,21940.5683,167756090.39,0.9892
14580.0,4.05,21916.9995,169071817.42,0.9881
14640.0,4.0667,21893.4307,170386130.33,0.987
14700.0,4.0833,21869.8618,171699029.1,0.986
14760.0,4.1,21846.293,173010513.75,0.9849
14820.0,4.1167,21822.7242,174320584.26,0.9838
14880.0,4.1333,21799.1554,175629240.65,0.9828
14940.0,4.15,21775.5865,176936482.91,0.9817
15000.0,4.1667,21752.0177,178242311.03,0.9807
15060.0,4.1833,21728.4489,179546725.03,0.9796
15120.0,4.2,21704.88,180849724.9,0.9785
15180.0,4.2167,21681.3112,182151310.63,0.9775
15240.0,4.2333,21657.7424,183451482.24,0.9764
15300.0,4.25,21634.1736,184750239.72,0.9753
15360.0,4.2667,21610.6047,186047583.07,0.9743
15420.0,4.2833,21587.0359,187343512.29,0.9732
15480.0,4.3,21563.4671,188638027.38,0.9722
15540.0,4.3167,21539.8982,189931128.34,0.9711
15600.0,4.3333,21516.3294,191222815.17,0.97
15660.0,4.35,21492.7606,192513087.87,0.969
15720.0,4.3667,21469.1918,193801946.44,0.9679
15780.0,4.3833,21445.6229,195089390.88,0.9668
15840.0,4.4,21422.0541,196375421.19,0.9658
15900.0,4.4167,21398.4853,197660037.37,0.9647
15960.0,4.4333,21374.9164,198943239.42,0.9636
16020.0,4.45,21351.3476,200225027.34,0.9626
16080.0,4.4667,21327.7788,201505401.13,0.9615
16140.0,4.4833,21304.21,202784360.8,0.9605
16200.0,4.5,21280.6411,204061906.33,0.9594
16260.0,4.5167,21257.0723,205338037.73,0.9583
16320.0,4.5333,21233.5035,206612755.01,0.9573
16380.0,4.55,21209.9346,207886058.15,0.9562
16440.0,4.5667,21186.3658,209157947.16,0.9551
16500.0,4.5833,21162.797,210428422.05,0.9541
16560.0,4.6,21139.2282,211697482.8,0.953
16620.0,4.6167,21115.6593,212965129.43,0.952
16680.0,4.6333,21092.0905,214231361.92,0.9509
16740.0,4.65,21068.5217,215496180.29,0.9498
16800.0,4.6667,21044.9528,216759584.52,0.9488
16860.0,4.6833,21021.384,218021574.63,0.9477
16920.0,4.7,20997.8152,219282150.6,0.9466
16980.0,4.7167,20974.2464,220541312.45,0.9456
17040.0,4.7333,20950.6775,221799060.17,0.9445
17100.0,4.75,20927.1087,223055393.75,0.9435
17160.0,4.7667,20903.5399,224310313.21,0.9424
17220.0,4.7833,20879.971,225563818.54,0.9413
17280.0,4.8,20856.4022,226815909.73,0.9403
17340.0,4.8167,20832.8334,228066586.8,0.9392
17400.0,4.8333,20809.2646,229315849.74,0.9381
17460.0,4.85,20785.6957,230563698.55,0.9371
17520.0,4.8667,20762.1269,231810133.23,0.936
17580.0,4.8833,20738.5581,233055153.78,0.935
17640.0,4.9,20714.9892,234298760.2,0.9339
17700.0,4.9167,20691.4204,235540952.49,0.9328
17760.0,4.9333,20667.8516,236781730.65,0.9318
17820.0,4.95,20644.2828,238021094.68,0.9307
17880.0,4.9667,20620.7139,239259044.58,0.9296
17940.0,4.9833,20597.1451,240495580.35,0.9286
18000.0,5.0,20573.5763,241730701.99,0.9275
18060.0,5.0167,20550.0074,242964409.5,0.9265
18120.0,5.0333,20526.4386,244196702.88,0.9254
18180.0,5.05,20502.8698,245427582.13,0.9243
18240.0,5.0667,20479.301,246657047.26,0.9233
18300.0,5.0833,20455.7321,247885098.25,0.9222
18360.0,5.1,20432.1633,249111735.11,0.9211
18420.0,5.1167,20408.5945,250336957.85,0.9201
18480.0,5.1333,20385.0256,251560766.45,0.919
18540.0,5.15,20361.4568,252783160.92,0.918
18600.0,5.1667,20337.888,254004141.27,0.9169
18660.0,5.1833,20314.3192,255223707.48,0.9158
18720.0,5.2,20290.7503,256441859.57,0.9148
18780.0,5.2167,20267.1815,257658597.52,0.9137
18840.0,5.2333,20243.6127,258873921.35,0.9126
18900.0,5.25,20220.0438,260087831.04,0.9116
18960.0,5.2667,20196.475,261300326.61,0.9105
19020.0,5.2833,20172.9062,262511408.04,0.9095
19080.0,5.3,20149.3374,263721075.35,0.9084
19140.0,5.3167,20125.7685,264929328.53,0.9073
19200.0,5.3333,20102.1997,266136167.57,0.9063
19260.0,5.35,20078.6309,267341592.49,0.9052
19320.0,5.3667,20055.062,268545603.28,0.9041
19380.0,5.3833,20031.4932,269748199.93,0.9031
19440.0,5.4,20007.9244,270949382.46,0.902
19500.0,5.4167,19984.3556,272149150.86,0.901
19560.0,5.4333,19960.7867,273347505.13,0.8999
19620.0,5.45,19937.2179,274544445.27,0.8988
19680.0,5.4667,19913.6491,275739971.28,0.8978
19740.0,5.4833,19890.0802,276934083.16,0.8967
19800.0,5.5,19866.5114,278126780.91,0.8956
19860.0,5.5167,19842.9426,279318064.53,0.8946
19920.0,5.5333,19819.3738,280507934.02,0.8935
19980.0,5.55,19795.8049,281696389.38,0.8925
20040.0,5.5667,19772.2361,282883430.61,0.8914
20100.0,5.5833,19748.6673,284069057.71,0.8903
20160.0,5.6,19725.0984,285253270.68,0.8893
20220.0,5.6167,19701.5296,286436069.52,0.8882
20280.0,5.6333,19677.9608,287617454.23,0.8871
20340.0,5.65,19654.392,288797424.82,0.8861
20400.0,5.6667,19630.8231,289975981.27,0.885
20460.0,5.6833,19607.2543,291153123.59,0.884
20520.0,5.7,19583.6855,292328851.79,0.8829
20580.0,5.7167,19560.1166,293503165.85,0.8818
20640.0,5.7333,19536.5478,294676065.78,0.8808
20700.0,5.75,19512.979,295847551.59,0.8797
20760.0,5.7667,19489.4102,297017623.26,0.8786
20820.0,5.7833,19465.8413,298186280.81,0.8776
20880.0,5.8,19442.2725,299353524.22,0.8765
20940.0,5.8167,19418.7037,300519353.51,0.8755
21000.0,5.8333,19395.1348,301683768.66,0.8744
21060.0,5.85,19371.566,302846769.69,0.8733
21120.0,5.8667,19347.9972,304008356.58,0.8723
21180.0,5.8833,19324.4284,305168529.35,0.8712
21240.0,5.9,19300.8595,306327287.99,0.8701
21300.0,5.9167,19277.2907,307484632.49,0.8691
21360.0,5.9333,19253.7219,308640562.87,0.868
21420.0,5.95,19230.153,309795079.12,0.867
21480.0,5.9667,19206.5842,310948181.23,0.8659
21540.0,5.9833,19183.0154,312099869.22,0.8648
21600.0,6.0,19159.4466,313250143.08,0.8638
21660.0,6.0167,19135.8777,314399002.81,0.8627
21720.0,6.0333,19112.3089,315546448.41,0.8616
21780.0,6.05,19088.7401,316692479.88,0.8606
21840.0,6.0667,19065.1712,317837097.22,0.8595
21900.0,6.0833,19041.6024,318980300.43,0.8585
21960.0,6.1,19018.0336,320122089.51,0.8574
22020.0,6.1167,18994.4648,321262464.46,0.8563
22080.0,6.1333,18970.8959,322401425.28,0.8553
22140.0,6.15,18947.3271,323538971.97,0.8542
22200.0,6.1667,18923.7583,324675104.53,0.8531
22260.0,6.1833,18900.1894,325809822.96,0.8521
22320.0,6.2,18876.6206,326943127.26,0.851
22380.0,6.2167,18853.0518,328075017.43,0.85
22440.0,6.2333,18829.483,329205493.48,0.8489
22500.0,6.25,18805.9141,330334555.39,0.8478
22560.0,6.2667,18782.3453,331462203.17,0.8468
22620.0,6.2833,18758.7765,332588436.83,0.8457
22680.0,6.3,18735.2076,333713256.35,0.8446
22740.0,6.3167,18711.6388,334836661.74,0.8436
22800.0,6.3333,18688.07,335958653.01,0.8425
22860.0,6.35,18664.5012,337079230.14,0.8415
22920.0,6.3667,18640.9323,338198393.15,0.8404
22980.0,6.3833,18617.3635,339316142.02,0.8393
23040.0,6.4,18593.7947,340432476.77,0.8383
23100.0,6.4167,18570.2258,341547397.38,0.8372
23160.0,6.4333,18546.657,342660903.87,0.8361
23220.0,6.45,18523.0882,343772996.22,0.8351
23280.0,6.4667,18499.5194,344883674.45,0.834
23340.0,6.4833,18475.9505,345992938.55,0.833
23400.0,6.5,18452.3817,347100788.51,0.8319
23460.0,6.5167,18428.8129,348207224.35,0.8308
23520.0,6.5333,18405.244,349312246.06,0.8298
23580.0,6.55,18381.6752,350415853.63,0.8287
23640.0,6.5667,18358.1064,351518047.08,0.8276
23700.0,6.5833,18334.5376,352618826.4,0.8266
23760.0,6.6,18310.9687,353718191.59,0.8255
23820.0,6.6167,18287.3999,354816142.65,0.8245
23880.0,6.6333,18263.8311,355912679.58,0.8234
23940.0,6.65,18240.2622,357007802.38,0.8223
24000.0,6.6667,18216.6934,358101511.05,0.8213
24060.0,6.6833,18193.1246,359193805.59,0.8202
24120.0,6.7,18169.5558,360284686.0,0.8191
24180.0,6.7167,18145.9869,361374152.28,0.8181
24240.0,6.7333,18122.4181,362462204.43,0.817
24300.0,6.75,18098.8493,363548842.45,0.816
24360.0,6.7667,18075.2804,364634066.34,0.8149
24420.0,6.7833,18051.7116,365717876.1,0.8138
24480.0,6.8,18028.1428,366800271.73,0.8128
24540.0,6.8167,18004.574,367881253.24,0.8117
24600.0,6.8333,17981.0051,368960820.61,0.8106
24660.0,6.85,17957.4363,370038973.85,0.8096
24720.0,6.8667,17933.8675,371115712.97,0.8085
24780.0,6.8833,17910.2986,372191037.95,0.8075
24840.0,6.9,17886.7298,373264948.8,0.8064
24900.0,6.9167,17863.161,374337445.53,0.8053
24960.0,6.9333,17839.5922,375408528.12,0.8043
25020.0,6.95,17816.0233,376478196.59,0.8032
25080.0,6.9667,17792.4545,377546450.92,0.8021
25140.0,6.9833,17768.8857,378613291.13,0.8011
25200.0,7.0,17745.3168,379678717.2,0.8
25260.0,7.0167,17721.748,380742729.15,0.799
25320.0,7.0333,17698.1792,381805326.96,0.7979
25380.0,7.05,17674.6104,382866510.65,0.7968
25440.0,7.0667,17651.0415,383926280.21,0.7958
25500.0,7.0833,17627.4727,384984635.63,0.7947
25560.0,7.1,17603.9039,386041576.93,0.7936
25620.0,7.1167,17580.335,387097104.1,0.7926
25680.0,7.1333,17556.7662,388151217.13,0.7915
25740.0,7.15,17533.1974,389203916.04,0.7905
25800.0,7.1667,17509.6286,390255200.82,0.7894
25860.0,7.1833,17486.0597,391305071.47,0.7883
25920.0,7.2,17462.4909,392353527.99,0.7873
25980.0,7.2167,17438.9221,393400570.38,0.7862
26040.0,7.2333,17415.3532,394446198.64,0.7851
26100.0,7.25,17391.7844,395490412.77,0.7841
26160.0,7.2667,17368.2156,396533212.77,0.783
26220.0,7.2833,17344.6468,397574598.64,0.782
26280.0,7.3,17321.0779,398614570.38,0.7809
26340.0,7.3167,17297.5091,399653127.99,0.7798
26400.0,7.3333,17273.9403,400690271.47,0.7788
26460.0,7.35,17250.3714,401726000.82,0.7777
26520.0,7.3667,17226.8026,402760316.04,0.7766
26580.0,7.3833,17203.2338,403793217.13,0.7756
26640.0,7.4,17179.665,404824704.1,0.7745
26700.0,7.4167,17156.0961,405854776.93,0.7735
26760.0,7.4333,17132.5273,406883435.63,0.7724
26820.0,7.45,17108.9585,407910680.21,0.7713
26880.0,7.4667,17085.3896,408936510.65,0.7703
26940.0,7.4833,17061.8208,409960926.96,0.7692
27000.0,7.5,17038.252,410983929.15,0.7681
27060.0,7.5167,17014.6832,412005517.2,0.7671
27120.0,7.5333,16991.1143,413025691.13,0.766
27180.0,7.55,16967.5455,414044450.92,0.765
27240.0,7.5667,16943.9767,415061796.59,0.7639
27300.0,7.5833,16920.4078,416077728.12,0.7628
27360.0,7.6,16896.839,417092245.53,0.7618
27420.0,7.6167,16873.2702,418105348.8,0.7607
27480.0,7.6333,16849.7014,419117037.95,0.7596
27540.0,7.65,16826.1325,420127312.97,0.7586
27600.0,7.6667,16802.5637,421136173.85,0.7575
27660.0,7.6833,16778.9949,422143620.61,0.7565
27720.0,7.7,16755.426,423149653.24,0.7554
27780.0,7.7167,16731.8572,424154271.73,0.7543
27840.0,7.7333,16708.2884,425157476.1,0.7533
27900.0,7.75,16684.7196,426159266.34,0.7522
27960.0,7.7667,16661.1507,427159642.45,0.7511
28020.0,7.7833,16637.5819,428158604.43,0.7501
28080.0,7.8,16614.0131,429156152.28,0.749
28140.0,7.8167,16590.4442,430152286.0,0.748
28200.0,7.8333,16566.8754,431147005.59,0.7469
28260.0,7.85,16543.3066,432140311.05,0.7458
28320.0,7.8667,16519.7378,433132202.38,0.7448
28380.0,7.8833,16496.1689,434122679.58,0.7437
28440.0,7.9,16472.6001,435111742.65,0.7426
28500.0,7.9167,16449.0313,436099391.59,0.7416
28560.0,7.9333,16425.4624,437085626.4,0.7405
28620.0,7.95,16401.8936,438070447.08,0.7394
28680.0,7.9667,16378.3248,439053853.63,0.7384
28740.0,7.9833,16354.756,440035846.06,0.7373
28800.0,8.0,16331.1871,441016424.35,0.7363
28860.0,8.0167,16307.6183,441995588.51,0.7352
28920.0,8.0333,16284.0495,442973338.55,0.7341
28980.0,8.05,16260.4806,443949674.45,0.7331
29040.0,8.0667,16236.9118,444924596.22,0.732
29100.0,8.0833,16213.343,445898103.87,0.7309
29160.0,8.1,16189.7742,446870197.38,0.7299
29220.0,8.1167,16166.2053,447840876.77,0.7288
29280.0,8.1333,16142.6365,448810142.02,0.7278
29340.0,8.15,16119.0677,449777993.15,0.7267
29400.0,8.1667,16095.4988,450744430.14,0.7256
29460.0,8.1833,16071.93,451709453.01,0.7246
29520.0,8.2,16048.3612,452673061.74,0.7235
29580.0,8.2167,16024.7924,453635256.35,0.7224
29640.0,8.2333,16001.2235,454596036.83,0.7214
29700.0,8.25,15977.6547,455555403.17,0.7203
29760.0,8.2667,15954.0859,456513355.39,0.7193
29820.0,8.2833,15930.517,457469893.48,0.7182
29880.0,8.3,15906.9482,458425017.43,0.7171
29940.0,8.3167,15883.3794,459378727.26,0.7161
30000.0,8.3333,15859.8106,460331022.96,0.715
30060.0,8.35,15836.2417,461281904.53,0.7139
30120.0,8.3667,15812.6729,462231371.97,0.7129
30180.0,8.3833,15789.1041,463179425.28,0.7118
30240.0,8.4,15765.5352,464126064.46,0.7108
30300.0,8.4167,15741.9664,465071289.51,0.7097
30360.0,8.4333,15718.3976,466015100.43,0.7086
30420.0,8.45,15694.8288,466957497.22,0.7076
30480.0,8.4667,15671.2599,467898479.88,0.7065
30540.0,8.4833,15647.6911,468838048.41,0.7054
30600.0,8.5,15624.1223,469776202.81,0.7044
30660.0,8.5167,15600.5534,470712943.08,0.7033
30720.0,8.5333,15576.9846,471648269.22,0.7023
30780.0,8.55,15553.4158,472582181.23,0.7012
30840.0,8.5667,15529.847,473514679.12,0.7001
30900.0,8.5833,15506.2781,474445762.87,0.6991
30960.0,8.6,15482.7093,475375432.49,0.698
31020.0,8.6167,15459.1405,476303687.99,0.6969
31080.0,8.6333,15435.5716,477230529.35,0.6959
31140.0,8.65,15412.0028,478155956.58,0.6948
31200.0,8.6667,15388.434,479079969.69,0.6938
31260.0,8.6833,15364.8652,480002568.66,0.6927
31320.0,8.7,15341.2963,480923753.51,0.6916
31380.0,8.7167,15317.7275,481843524.22,0.6906
31440.0,8.7333,15294.1587,482761880.81,0.6895
31500.0,8.75,15270.5898,483678823.26,0.6884
31560.0,8.7667,15247.021,484594351.59,0.6874
31620.0,8.7833,15223.4522,485508465.78,0.6863
31680.0,8.8,15199.8834,486421165.85,0.6853
31740.0,8.8167,15176.3145,487332451.79,0.6842
31800.0,8.8333,15152.7457,488242323.59,0.6831
31860.0,8.85,15129.1769,489150781.27,0.6821
31920.0,8.8667,15105.608,490057824.82,0.681
31980.0,8.8833,15082.0392,490963454.23,0.6799
32040.0,8.9,15058.4704,491867669.52,0.6789
32100.0,8.9167,15034.9016,492770470.68,0.6778
32160.0,8.9333,15011.3327,493671857.71,0.6768
32220.0,8.95,14987.7639,494571830.61,0.6757
32280.0,8.9667,14964.1951,495470389.38,0.6746
32340.0,8.9833,14940.6262,496367534.02,0.6736
32400.0,9.0,14917.0574,497263264.53,0.6725
32460.0,9.0167,14893.4886,498157580.91,0.6714
32520.0,9.0333,14869.9198,499050483.16,0.6704
32580.0,9.05,14846.3509,499941971.28,0.6693
32640.0,9.0667,14822.7821,500832045.27,0.6683
32700.0,9.0833,14799.2133,501720705.13,0.6672
32760.0,9.1,14775.6444,502607950.86,0.6661
32820.0,9.1167,14752.0756,503493782.46,0.6651
32880.0,9.1333,14728.5068,504378199.93,0.664
32940.0,9.15,14704.938,505261203.28,0.6629
33000.0,9.1667,14681.3691,506142792.49,0.6619
33060.0,9.1833,14657.8003,507022967.57,0.6608
33120.0,9.2,14634.2315,507901728.53,0.6598
33180.0,9.2167,14610.6626,508779075.35,0.6587
33240.0,9.2333,14587.0938,509655008.04,0.6576
33300.0,9.25,14563.525,510529526.61,0.6566
33360.0,9.2667,14539.9562,511402631.04,0.6555
33420.0,9.2833,14516.3873,512274321.35,0.6544
33480.0,9.3,14492.8185,513144597.52,0.6534
33540.0,9.3167,14469.2497,514013459.57,0.6523
33600.0,9.3333,14445.6808,514880907.48,0.6513
33660.0,9.35,14422.112,515746941.27,0.6502
33720.0,9.3667,14398.5432,516611560.92,0.6491
33780.0,9.3833,14374.9744,517474766.45,0.6481
33840.0,9.4,14351.4055,518336557.85,0.647
33900.0,9.4167,14327.8367,519196935.11,0.6459
33960.0,9.4333,14304.2679,520055898.25,0.6449
34020.0,9.45,14280.699,520913447.26,0.6438
34080.0,9.4667,14257.1302,521769582.13,0.6428
34140.0,9.4833,14233.5614,522624302.88,0.6417
34200.0,9.5,14209.9926,523477609.5,0.6406
34260.0,9.5167,14186.4237,524329501.99,0.6396
34320.0,9.5333,14162.8549,525179980.35,0.6385
34380.0,9.55,14139.2861,526029044.58,0.6374
34440.0,9.5667,14115.7172,526876694.68,0.6364
34500.0,9.5833,14092.1484,527722930.65,0.6353
34560.0,9.6,14068.5796,528567752.49,0.6343
34620.0,9.6167,14045.0108,529411160.2,0.6332
34680.0,9.6333,14021.4419,530253153.78,0.6321
34740.0,9.65,13997.8731,531093733.23,0.6311
34800.0,9.6667,13974.3043,531932898.55,0.63
34860.0,9.6833,13950.7354,532770649.74,0.6289
34920.0,9.7,13927.1666,533606986.8,0.6279
34980.0,9.7167,13903.5978,534441909.73,0.6268
35040.0,9.7333,13880.029,535275418.54,0.6258
35100.0,9.75,13856.4601,536107513.21,0.6247
35160.0,9.7667,13832.8913,536938193.75,0.6236
35220.0,9.7833,13809.3225,537767460.17,0.6226
35280.0,9.8,13785.7536,538595312.45,0.6215
35340.0,9.8167,13762.1848,539421750.6,0.6204
35400.0,9.8333,13738.616,540246774.63,0.6194
35460.0,9.85,13715.0472,541070384.52,0.6183
35520.0,9.8667,13691.4783,541892580.29,0.6173
35580.0,9.8833,13667.9095,542713361.92,0.6162
35640.0,9.9,13644.3407,543532729.43,0.6151
35700.0,9.9167,13620.7718,544350682.8,0.6141
35760.0,9.9333,13597.203,545167222.05,0.613
35820.0,9.95,13573.6342,545982347.16,0.6119
35880.0,9.9667,13550.0654,546796058.15,0.6109
35940.0,9.9833,13526.4965,547608355.01,0.6098
36000.0,10.0,13502.9277,548419237.73,0.6088
36060.0,10.0167,13479.3589,549228706.33,0.6077
36120.0,10.0333,13455.79,550036760.8,0.6066
36180.0,10.05,13432.2212,550843401.13,0.6056
36240.0,10.0667,13408.6524,551648627.34,0.6045
36300.0,10.0833,13385.0836,552452439.42,0.6034
36360.0,10.1,13361.5147,553254837.37,0.6024
36420.0,10.1167,13337.9459,554055821.19,0.6013
36480.0,10.1333,13314.3771,554855390.88,0.6003
36540.0,10.15,13290.8082,555653546.44,0.5992
36600.0,10.1667,13267.2394,556450287.87,0.5981
36660.0,10.1833,13243.6706,557245615.17,0.5971
36720.0,10.2,13220.1018,558039528.34,0.596
36780.0,10.2167,13196.5329,558832027.38,0.5949
36840.0,10.2333,13172.9641,559623112.29,0.5939
36900.0,10.25,13149.3953,560412783.07,0.5928
36960.0,10.2667,13125.8264,561201039.72,0.5918
37020.0,10.2833,13102.2576,561987882.24,0.5907
37080.0,10.3,13078.6888,562773310.63,0.5896
37140.0,10.3167,13055.12,563557324.9,0.5886
37200.0,10.3333,13031.5511,564339925.03,0.5875
37260.0,10.35,13007.9823,565121111.03,0.5864
37320.0,10.3667,12984.4135,565900882.91,0.5854
37380.0,10.3833,12960.8446,566679240.65,0.5843
37440.0,10.4,12937.2758,567456184.26,0.5833
37500.0,10.4167,12913.707,568231713.75,0.5822
37560.0,10.4333,12890.1382,569005829.1,0.5811
37620.0,10.45,12866.5693,569778530.33,0.5801
37680.0,10.4667,12843.0005,570549817.42,0.579
37740.0,10.4833,12819.4317,571319690.39,0.5779
37800.0,10.5,12795.8628,572088149.22,0.5769
37860.0,10.5167,12772.294,572855193.93,0.5758
37920.0,10.5333,12748.7252,573620824.5,0.5748
37980.0,10.55,12725.1564,574385040.95,0.5737
38040.0,10.5667,12701.5875,575147843.27,0.5726
38100.0,10.5833,12678.0187,575909231.45,0.5716
38160.0,10.6,12654.4499,576669205.51,0.5705
38220.0,10.6167,12630.881,577427765.44,0.5694
38280.0,10.6333,12607.3122,578184911.23,0.5684
38340.0,10.65,12583.7434,578940642.9,0.5673
38400.0,10.6667,12560.1746,579694960.44,0.5663
38460.0,10.6833,12536.6057,580447863.85,0.5652
38520.0,10.7,12513.0369,581199353.13,0.5641
38580.0,10.7167,12489.4681,581949428.28,0.5631
38640.0,10.7333,12465.8992,582698089.3,0.562
38700.0,10.75,12442.3304,583445336.19,0.5609
38760.0,10.7667,12418.7616,584191168.95,0.5599
38820.0,10.7833,12395.1928,584935587.58,0.5588
38880.0,10.8,12371.6239,585678592.08,0.5578
38940.0,10.8167,12348.0551,586420182.45,0.5567
39000.0,10.8333,12324.4863,587160358.69,0.5556
39060.0,10.85,12300.9174,587899120.8,0.5546
39120.0,10.8667,12277.3486,588636468.78,0.5535
39180.0,10.8833,12253.7798,589372402.63,0.5524
39240.0,10.9,12230.211,590106922.36,0.5514
39300.0,10.9167,12206.6421,590840027.95,0.5503
39360.0,10.9333,12183.0733,591571719.41,0.5493
39420.0,10.95,12159.5045,592301996.75,0.5482
39480.0,10.9667,12135.9356,593030859.95,0.5471
39540.0,10.9833,12112.3668,593758309.02,0.5461
39600.0,11.0,12088.798,594484343.97,0.545
39660.0,11.0167,12065.2292,595208964.78,0.5439
39720.0,11.0333,12041.6603,595932171.47,0.5429
39780.0,11.05,12018.0915,596653964.02,0.5418
39840.0,11.0667,11994.5227,597374342.45,0.5408
39900.0,11.0833,11970.9538,598093306.74,0.5397
39960.0,11.1,11947.385,598810856.91,0.5386
40020.0,11.1167,11923.8162,599526992.94,0.5376
40080.0,11.1333,11900.2474,600241714.85,0.5365
40140.0,11.15,11876.6785,600955022.63,0.5354
40200.0,11.1667,11853.1097,601666916.27,0.5344
40260.0,11.1833,11829.5409,602377395.79,0.5333
40320.0,11.2,11805.972,603086461.18,0.5323
40380.0,11.2167,11782.4032,603794112.43,0.5312
40440.0,11.2333,11758.8344,604500349.56,0.5301
40500.0,11.25,11735.2656,605205172.56,0.5291
40560.0,11.2667,11711.6967,605908581.43,0.528
40620.0,11.2833,11688.1279,606610576.17,0.5269
40680.0,11.3,11664.5591,607311156.78,0.5259
40740.0,11.3167,11640.9902,608010323.26,0.5248
40800.0,11.3333,11617.4214,608708075.61,0.5238
40860.0,11.35,11593.8526,609404413.83,0.5227
40920.0,11.3667,11570.2838,610099337.92,0.5216
40980.0,11.3833,11546.7149,610792847.88,0.5206
41040.0,11.4,11523.1461,611484943.71,0.5195
41100.0,11.4167,11499.5773,612175625.41,0.5184
41160.0,11.4333,11476.0084,612864892.98,0.5174
41220.0,11.45,11452.4396,613552746.42,0.5163
41280.0,11.4667,11428.8708,614239185.73,0.5153
41340.0,11.4833,11405.302,614924210.92,0.5142
41400.0,11.5,11381.7331,615607821.97,0.5131
41460.0,11.5167,11358.1643,616290018.89,0.5121
41520.0,11.5333,11334.5955,616970801.69,0.511
41580.0,11.55,11311.0266,617650170.35,0.5099
41640.0,11.5667,11287.4578,618328124.88,0.5089
41700.0,11.5833,11263.889,619004665.29,0.5078
41760.0,11.6,11240.3202,619679791.56,0.5067
41820.0,11.6167,11216.7513,620353503.71,0.5057
41880.0,11.6333,11193.1825,621025801.72,0.5046
41940.0,11.65,11169.6137,621696685.61,0.5036
42000.0,11.6667,11146.0448,622366155.36,0.5025
42060.0,11.6833,11122.476,623034210.99,0.5014
42120.0,11.7,11098.9072,623700852.48,0.5004
42180.0,11.7167,11075.3384,624366079.85,0.4993
42240.0,11.7333,11051.7695,625029893.09,0.4982
42300.0,11.75,11028.2007,625692292.19,0.4972
42360.0,11.7667,11004.6319,626353277.17,0.4961
42420.0,11.7833,10981.063,627012848.02,0.4951
42480.0,11.8,10957.4942,627671004.73,0.494
42540.0,11.8167,10933.9254,628327747.32,0.4929
42600.0,11.8333,10910.3566,628983075.78,0.4919
42660.0,11.85,10886.7877,629636990.11,0.4908
42720.0,11.8667,10863.2189,630289490.31,0.4897
42780.0,11.8833,10839.6501,630940576.38,0.4887
42840.0,11.9,10816.0812,631590248.32,0.4876
42900.0,11.9167,10792.5124,632238506.13,0.4866
42960.0,11.9333,10768.9436,632885349.81,0.4855
43020.0,11.95,10745.3748,633530779.36,0.4844
43080.0,11.9667,10721.8059,634174794.78,0.4834
43140.0,11.9833,10698.2371,634817396.07,0.4823
43200.0,12.0,10674.6683,635458583.23,0.4812
43260.0,12.0167,10651.0994,636098356.26,0.4802
43320.0,12.0333,10627.5306,636736715.16,0.4791
43380.0,12.05,10603.9618,637373659.93,0.4781
43440.0,12.0667,10580.393,638009190.58,0.477
43500.0,12.0833,10556.8241,638643307.09,0.4759
43560.0,12.1,10533.2553,639276009.47,0.4749
43620.0,12.1167,10509.6865,639907297.73,0.4738
43680.0,12.1333,10486.1176,640537171.85,0.4727
43740.0,12.15,10462.5488,641165631.84,0.4717
43800.0,12.1667,10438.98,641792677.71,0.4706
43860.0,12.1833,10415.4112,642418309.44,0.4696
43920.0,12.2,10391.8423,643042527.05,0.4685
43980.0,12.2167,10368.2735,643665330.52,0.4674
44040.0,12.2333,10344.7047,644286719.87,0.4664
44100.0,12.25,10321.1358,644906695.08,0.4653
44160.0,12.2667,10297.567,645525256.17,0.4642
44220.0,12.2833,10273.9982,646142403.12,0.4632
44280.0,12.3,10250.4294,646758135.95,0.4621
44340.0,12.3167,10226.8605,647372454.65,0.4611
44400.0,12.3333,10203.2917,647985359.21,0.46
44460.0,12.35,10179.7229,648596849.65,0.4589
44520.0,12.3667,10156.154,649206925.96,0.4579
44580.0,12.3833,10132.5852,649815588.13,0.4568
44640.0,12.4,10109.0164,650422836.18,0.4557
44700.0,12.4167,10085.4476,651028670.1,0.4547
44760.0,12.4333,10061.8787,651633089.89,0.4536
44820.0,12.45,10038.3099,652236095.55,0.4526
44880.0,12.4667,10014.7411,652837687.08,0.4515
44940.0,12.4833,9991.1722,653437864.48,0.4504
45000.0,12.5,9967.6034,654036627.75,0.4494
45060.0,12.5167,9944.0346,654633976.89,0.4483
45120.0,12.5333,9920.4658,655229911.9,0.4472
45180.0,12.55,9896.8969,655824432.78,0.4462
45240.0,12.5667,9873.3281,656417539.53,0.4451
45300.0,12.5833,9849.7593,657009232.15,0.4441
45360.0,12.6,9826.1904,657599510.64,0.443
45420.0,12.6167,9802.6216,658188375.0,0.4419
45480.0,12.6333,9779.0528,658775825.23,0.4409
45540.0,12.65,9755.484,659361861.34,0.4398
45600.0,12.6667,9731.9151,659946483.31,0.4387
45660.0,12.6833,9708.3463,660529691.15,0.4377
45720.0,12.7,9684.7775,661111484.87,0.4366
45780.0,12.7167,9661.2086,661691864.45,0.4356
45840.0,12.7333,9637.6398,662270829.9,0.4345
45900.0,12.75,9614.071,662848381.23,0.4334
45960.0,12.7667,9590.5022,663424518.42,0.4324
46020.0,12.7833,9566.9333,663999241.49,0.4313
46080.0,12.8,9543.3645,664572550.42,0.4302
46140.0,12.8167,9519.7957,665144445.23,0.4292
46200.0,12.8333,9496.2268,665714925.9,0.4281
46260.0,12.85,9472.658,666283992.45,0.4271
46320.0,12.8667,9449.0892,666851644.86,0.426
46380.0,12.8833,9425.5204,667417883.15,0.4249
46440.0,12.9,9401.9515,667982707.31,0.4239
46500.0,12.9167,9378.3827,668546117.33,0.4228
46560.0,12.9333,9354.8139,669108113.23,0.4217
46620.0,12.95,9331.245,669668695.0,0.4207
46680.0,12.9667,9307.6762,670227862.63,0.4196
46740.0,12.9833,9284.1074,670785616.14,0.4186
46800.0,13.0,9260.5386,671341955.52,0.4175
46860.0,13.0167,9236.9697,671896880.77,0.4164
46920.0,13.0333,9213.4009,672450391.89,0.4154
46980.0,13.05,9189.8321,673002488.88,0.4143
47040.0,13.0667,9166.2632,673553171.74,0.4132
47100.0,13.0833,9142.6944,674102440.47,0.4122
47160.0,13.1,9119.1256,674650295.07,0.4111
47220.0,13.1167,9095.5568,675196735.54,0.4101
47280.0,13.1333,9071.9879,675741761.88,0.409
47340.0,13.15,9048.4191,676285374.09,0.4079
47400.0,13.1667,9024.8503,676827572.17,0.4069
47460.0,13.1833,9001.2814,677368356.12,0.4058
47520.0,13.2,8977.7126,677907725.94,0.4047
47580.0,13.2167,8954.1438,678445681.63,0.4037
47640.0,13.2333,8930.575,678982223.2,0.4026
47700.0,13.25,8907.0061,679517350.63,0.4016
47760.0,13.2667,8883.4373,680051063.93,0.4005
47820.0,13.2833,8859.8685,680583363.11,0.3994
47880.0,13.3,8836.2996,681114248.15,0.3984
47940.0,13.3167,8812.7308,681643719.06,0.3973
48000.0,13.3333,8789.162,682171775.85,0.3962
48060.0,13.35,8765.5932,682698418.5,0.3952
48120.0,13.3667,8742.0243,683223647.03,0.3941
48180.0,13.3833,8718.4555,683747461.42,0.3931
48240.0,13.4,8694.8867,684269861.69,0.392
48300.0,13.4167,8671.3178,684790847.82,0.3909
48360.0,13.4333,8647.749,685310419.83,0.3899
48420.0,13.45,8624.1802,685828577.7,0.3888
48480.0,13.4667,8600.6114,686345321.45,0.3877
48540.0,13.4833,8577.0425,686860651.07,0.3867
48600.0,13.5,8553.4737,687374566.55,0.3856
48660.0,13.5167,8529.9049,687887067.91,0.3846
48720.0,13.5333,8506.336,688398155.14,0.3835
48780.0,13.55,8482.7672,688907828.23,0.3824
48840.0,13.5667,8459.1984,689416087.2,0.3814
48900.0,13.5833,8435.6296,689922932.04,0.3803
48960.0,13.6,8412.0607,690428362.75,0.3792
49020.0,13.6167,8388.4919,690932379.33,0.3782
49080.0,13.6333,8364.9231,691434981.78,0.3771
49140.0,13.65,8341.3542,691936170.1,0.3761
49200.0,13.6667,8317.7854,692435944.29,0.375
49260.0,13.6833,8294.2166,692934304.35,0.3739
49320.0,13.7,8270.6478,693431250.28,0.3729
49380.0,13.7167,8247.0789,693926782.08,0.3718
49440.0,13.7333,8223.5101,694420899.75,0.3707
49500.0,13.75,8199.9413,694913603.29,0.3697
49560.0,13.7667,8176.3724,695404892.7,0.3686
49620.0,13.7833,8152.8036,695894767.98,0.3676
49680.0,13.8,8129.2348,696383229.13,0.3665
49740.0,13.8167,8105.666,696870276.16,0.3654
49800.0,13.8333,8082.0971,697355909.05,0.3644
49860.0,13.85,8058.5283,697840127.81,0.3633
49920.0,13.8667,8034.9595,698322932.45,0.3622
49980.0,13.8833,8011.3906,698804322.95,0.3612
50040.0,13.9,7987.8218,699284299.32,0.3601
50100.0,13.9167,7964.253,699762861.57,0.3591
50160.0,13.9333,7940.6842,700240009.68,0.358
50220.0,13.95,7917.1153,700715743.67,0.3569
50280.0,13.9667,7893.5465,701190063.52,0.3559
50340.0,13.9833,7869.9777,701662969.25,0.3548
50400.0,14.0,7846.4088,702134460.84,0.3537
50460.0,14.0167,7822.84,702604538.31,0.3527
50520.0,14.0333,7799.2712,703073201.64,0.3516
50580.0,14.05,7775.7024,703540450.85,0.3506
50640.0,14.0667,7752.1335,704006285.93,0.3495
50700.0,14.0833,7728.5647,704470706.87,0.3484
50760.0,14.1,7704.9959,704933713.69,0.3474
50820.0,14.1167,7681.427,705395306.38,0.3463
50880.0,14.1333,7657.8582,705855484.93,0.3452
50940.0,14.15,7634.2894,706314249.36,0.3442
51000.0,14.1667,7610.7206,706771599.66,0.3431
51060.0,14.1833,7587.1517,707227535.83,0.3421
51120.0,14.2,7563.5829,707682057.87,0.341
51180.0,14.2167,7540.0141,708135165.78,0.3399
51240.0,14.2333,7516.4452,708586859.56,0.3389
51300.0,14.25,7492.8764,709037139.21,0.3378
51360.0,14.2667,7469.3076,709486004.73,0.3367
51420.0,14.2833,7445.7388,709933456.12,0.3357
51480.0,14.3,7422.1699,710379493.38,0.3346
51540.0,14.3167,7398.6011,710824116.51,0.3336
51600.0,14.3333,7375.0323,711267325.51,0.3325
51660.0,14.35,7351.4634,711709120.38,0.3314
51720.0,14.3667,7327.8946,712149501.12,0.3304
51780.0,14.3833,7304.3258,712588467.73,0.3293
51840.0,14.4,7280.757,713026020.22,0.3282
51900.0,14.4167,7257.1881,713462158.57,0.3272
51960.0,14.4333,7233.6193,713896882.79,0.3261
52020.0,14.45,7210.0505,714330192.89,0.3251
52080.0,14.4667,7186.4816,714762088.85,0.324
52140.0,14.4833,7162.9128,715192570.68,0.3229
52200.0,14.5,7139.344,715621638.39,0.3219
52260.0,14.5167,7115.7752,716049291.96,0.3208
52320.0,14.5333,7092.2063,716475531.41,0.3197
52380.0,14.55,7068.6375,716900356.72,0.3187
52440.0,14.5667,7045.0687,717323767.91,0.3176
52500.0,14.5833,7021.4998,717745764.96,0.3166
52560.0,14.6,6997.931,718166347.89,0.3155
52620.0,14.6167,6974.3622,718585516.68,0.3144
52680.0,14.6333,6950.7934,719003271.35,0.3134
52740.0,14.65,6927.2245,719419611.89,0.3123
52800.0,14.6667,6903.6557,719834538.29,0.3112
52860.0,14.6833,6880.0869,720248050.57,0.3102
52920.0,14.7,6856.518,720660148.72,0.3091
52980.0,14.7167,6832.9492,721070832.73,0.3081
53040.0,14.7333,6809.3804,721480102.62,0.307
53100.0,14.75,6785.8116,721887958.38,0.3059
53160.0,14.7667,6762.2427,722294400.01,0.3049
53220.0,14.7833,6738.6739,722699427.51,0.3038
53280.0,14.8,6715.1051,723103040.88,0.3027
53340.0,14.8167,6691.5362,723505240.12,0.3017
53400.0,14.8333,6667.9674,723906025.23,0.3006
53460.0,14.85,6644.3986,724305396.21,0.2996
53520.0,14.8667,6620.8298,724703353.06,0.2985
53580.0,14.8833,6597.2609,725099895.78,0.2974
53640.0,14.9,6573.6921,725495024.37,0.2964
53700.0,14.9167,6550.1233,725888738.83,0.2953
53760.0,14.9333,6526.5544,726281039.16,0.2942
53820.0,14.95,6502.9856,726671925.36,0.2932
53880.0,14.9667,6479.4168,727061397.43,0.2921
53940.0,14.9833,6455.848,727449455.38,0.2911
54000.0,15.0,6432.2791,727836099.19,0.29
54060.0,15.0167,6408.7103,728221328.87,0.2889
54120.0,15.0333,6385.1415,728605144.43,0.2879
54180.0,15.05,6361.5726,728987545.85,0.2868
54240.0,15.0667,6338.0038,729368533.14,0.2857
54300.0,15.0833,6314.435,729748106.31,0.2847
54360.0,15.1,6290.8662,730126265.34,0.2836
54420.0,15.1167,6267.2973,730503010.25,0.2825
54480.0,15.1333,6243.7285,730878341.02,0.2815
54540.0,15.15,6220.1597,731252257.67,0.2804
54600.0,15.1667,6196.5908,731624760.18,0.2794
54660.0,15.1833,6173.022,731995848.57,0.2783
54720.0,15.2,6149.4532,732365522.82,0.2772
54780.0,15.2167,6125.8844,732733782.95,0.2762
54840.0,15.2333,6102.3155,733100628.95,0.2751
54900.0,15.25,6078.7467,733466060.81,0.274
54960.0,15.2667,6055.1779,733830078.55,0.273
55020.0,15.2833,6031.609,734192682.16,0.2719
55080.0,15.3,6008.0402,734553871.63,0.2709
55140.0,15.3167,5984.4714,734913646.98,0.2698
55200.0,15.3333,5960.9026,735272008.2,0.2687
55260.0,15.35,5937.3337,735628955.29,0.2677
55320.0,15.3667,5913.7649,735984488.25,0.2666
55380.0,15.3833,5890.1961,736338607.08,0.2655
55440.0,15.4,5866.6272,736691311.78,0.2645
55500.0,15.4167,5843.0584,737042602.35,0.2634
55560.0,15.4333,5819.4896,737392478.79,0.2624
55620.0,15.45,5795.9208,737740941.1,0.2613
55680.0,15.4667,5772.3519,738087989.28,0.2602
55740.0,15.4833,5748.7831,738433623.33,0.2592
55800.0,15.5,5725.2143,738777843.25,0.2581
55860.0,15.5167,5701.6454,739120649.04,0.257
55920.0,15.5333,5678.0766,739462040.7,0.256
55980.0,15.55,5654.5078,739802018.23,0.2549
56040.0,15.5667,5630.939,740140581.64,0.2539
56100.0,15.5833,5607.3701,740477730.91,0.2528
56160.0,15.6,5583.8013,740813466.05,0.2517
56220.0,15.6167,5560.2325,741147787.07,0.2507
56280.0,15.6333,5536.6636,741480693.95,0.2496
56340.0,15.65,5513.0948,741812186.7,0.2485
56400.0,15.6667,5489.526,742142265.33,0.2475
56460.0,15.6833,5465.9572,742470929.82,0.2464
56520.0,15.7,5442.3883,742798180.19,0.2454
56580.0,15.7167,5418.8195,743124016.42,0.2443
56640.0,15.7333,5395.2507,743448438.53,0.2432
56700.0,15.75,5371.6818,743771446.5,0.2422
56760.0,15.7667,5348.113,744093040.35,0.2411
56820.0,15.7833,5324.5442,744413220.06,0.24
56880.0,15.8,5300.9754,744731985.65,0.239
56940.0,15.8167,5277.4065,745049337.11,0.2379
57000.0,15.8333,5253.8377,745365274.43,0.2369
57060.0,15.85,5230.2689,745679797.63,0.2358
57120.0,15.8667,5206.7,745992906.7,0.2347
57180.0,15.8833,5183.1312,746304601.63,0.2337
57240.0,15.9,5159.5624,746614882.44,0.2326
57300.0,15.9167,5135.9936,746923749.12,0.2315
57360.0,15.9333,5112.4247,747231201.67,0.2305
57420.0,15.95,5088.8559,747537240.09,0.2294
57480.0,15.9667,5065.2871,747841864.38,0.2284
57540.0,15.9833,5041.7182,748145074.54,0.2273
57600.0,16.0,5018.1494,748446870.57,0.2262
57660.0,16.0167,4994.5806,748747252.47,0.2252
57720.0,16.0333,4971.0118,749046220.24,0.2241
57780.0,16.05,4947.4429,749343773.88,0.223
57840.0,16.0667,4923.8741,749639913.39,0.222
57900.0,16.0833,4900.3053,749934638.77,0.2209
57960.0,16.1,4876.7364,750227950.02,0.2199
58020.0,16.1167,4853.1676,750519847.14,0.2188
58080.0,16.1333,4829.5988,750810330.13,0.2177
58140.0,16.15,4806.03,751099399.0,0.2167
58200.0,16.1667,4782.4611,751387053.73,0.2156
58260.0,16.1833,4758.8923,751673294.33,0.2145
58320.0,16.2,4735.3235,751958120.81,0.2135
58380.0,16.2167,4711.7546,752241533.15,0.2124
58440.0,16.2333,4688.1858,752523531.36,0.2114
58500.0,16.25,4664.617,752804115.45,0.2103
58560.0,16.2667,4641.0482,753083285.4,0.2092
58620.0,16.2833,4617.4793,753361041.23,0.2082
58680.0,16.3,4593.9105,753637382.92,0.2071
58740.0,16.3167,4570.3417,753912310.49,0.206
58800.0,16.3333,4546.7728,754185823.92,0.205
58860.0,16.35,4523.204,754457923.23,0.2039
58920.0,16.3667,4499.6352,754728608.4,0.2029
58980.0,16.3833,4476.0664,754997879.45,0.2018
59040.0,16.4,4452.4975,755265736.37,0.2007
59100.0,16.4167,4428.9287,755532179.15,0.1997
59160.0,16.4333,4405.3599,755797207.81,0.1986
59220.0,16.45,4381.791,756060822.34,0.1975
59280.0,16.4667,4358.2222,756323022.73,0.1965
59340.0,16.4833,4334.6534,756583809.0,0.1954
59400.0,16.5,4311.0846,756843181.14,0.1944
59460.0,16.5167,4287.5157,757101139.15,0.1933
59520.0,16.5333,4263.9469,757357683.03,0.1922
59580.0,16.55,4240.3781,757612812.78,0.1912
59640.0,16.5667,4216.8092,757866528.4,0.1901
59700.0,16.5833,4193.2404,758118829.89,0.189
59760.0,16.6,4169.6716,758369717.25,0.188
59820.0,16.6167,4146.1028,758619190.48,0.1869
59880.0,16.6333,4122.5339,758867249.58,0.1859
59940.0,16.65,4098.9651,759113894.55,0.1848
60000.0,16.6667,4075.3963,759359125.39,0.1837
60060.0,16.6833,4051.8274,759602942.1,0.1827
60120.0,16.7,4028.2586,759845344.68,0.1816
60180.0,16.7167,4004.6898,760086333.13,0.1805
60240.0,16.7333,3981.121,760325907.46,0.1795
60300.0,16.75,3957.5521,760564067.65,0.1784
60360.0,16.7667,3933.9833,760800813.71,0.1774
60420.0,16.7833,3910.4145,761036145.65,0.1763
60480.0,16.8,3886.8456,761270063.45,0.1752
60540.0,16.8167,3863.2768,761502567.12,0.1742
60600.0,16.8333,3839.708,761733656.67,0.1731
60660.0,16.85,3816.1392,761963332.08,0.172
60720.0,16.8667,3792.5703,762191593.37,0.171
60780.0,16.8833,3769.0015,762418440.52,0.1699
60840.0,16.9,3745.4327,762643873.55,0.1689
60900.0,16.9167,3721.8638,762867892.44,0.1678
60960.0,16.9333,3698.295,763090497.21,0.1667
61020.0,16.95,3674.7262,763311687.84,0.1657
61080.0,16.9667,3651.1574,763531464.35,0.1646
61140.0,16.9833,3627.5885,763749826.73,0.1635
61200.0,17.0,3604.0197,763966774.97,0.1625
61260.0,17.0167,3580.4509,764182309.09,0.1614
61320.0,17.0333,3556.882,764396429.08,0.1604
61380.0,17.05,3533.3132,764609134.93,0.1593
61440.0,17.0667,3509.7444,764820426.66,0.1582
61500.0,17.0833,3486.1756,765030304.26,0.1572
61560.0,17.1,3462.6067,765238767.73,0.1561
61620.0,17.1167,3439.0379,765445817.07,0.155
61680.0,17.1333,3415.4691,765651452.28,0.154
61740.0,17.15,3391.9002,765855673.36,0.1529
61800.0,17.1667,3368.3314,766058480.31,0.1519
61860.0,17.1833,3344.7626,766259873.13,0.1508
61920.0,17.2,3321.1938,766459851.82,0.1497
61980.0,17.2167,3297.6249,766658416.38,0.1487
62040.0,17.2333,3274.0561,766855566.81,0.1476
62100.0,17.25,3250.4873,767051303.11,0.1465
62160.0,17.2667,3226.9184,767245625.28,0.1455
62220.0,17.2833,3203.3496,767438533.32,0.1444
62280.0,17.3,3179.7808,767630027.23,0.1434
62340.0,17.3167,3156.212,767820107.02,0.1423
62400.0,17.3333,3132.6431,768008772.67,0.1412
62460.0,17.35,3109.0743,768196024.19,0.1402
62520.0,17.3667,3085.5055,768381861.59,0.1391
62580.0,17.3833,3061.9366,768566284.85,0.138
62640.0,17.4,3038.3678,768749293.98,0.137
62700.0,17.4167,3014.799,768930888.99,0.1359
62760.0,17.4333,2991.2302,769111069.86,0.1349
62820.0,17.45,2967.6613,769289836.61,0.1338
62880.0,17.4667,2944.0925,769467189.22,0.1327
62940.0,17.4833,2920.5237,769643127.71,0.1317
63000.0,17.5,2896.9548,769817652.06,0.1306
63060.0,17.5167,2873.386,769990762.29,0.1295
63120.0,17.5333,2849.8172,770162458.38,0.1285
63180.0,17.55,2826.2484,770332740.35,0.1274
63240.0,17.5667,2802.6795,770501608.19,0.1264
63300.0,17.5833,2779.1107,770669061.89,0.1253
63360.0,17.6,2755.5419,770835101.47,0.1242
63420.0,17.6167,2731.973,770999726.92,0.1232
63480.0,17.6333,2708.4042,771162938.23,0.1221
63540.0,17.65,2684.8354,771324735.42,0.121
63600.0,17.6667,2661.2666,771485118.48,0.12
63660.0,17.6833,2637.6977,771644087.41,0.1189
63720.0,17.7,2614.1289,771801642.21,0.1179
63780.0,17.7167,2590.5601,771957782.88,0.1168
63840.0,17.7333,2566.9912,772112509.42,0.1157
63900.0,17.75,2543.4224,772265821.83,0.1147
63960.0,17.7667,2519.8536,772417720.11,0.1136
64020.0,17.7833,2496.2848,772568204.26,0.1125
64080.0,17.8,2472.7159,772717274.28,0.1115
64140.0,17.8167,2449.1471,772864930.17,0.1104
64200.0,17.8333,2425.5783,773011171.93,0.1094
64260.0,17.85,2402.0094,773155999.56,0.1083
64320.0,17.8667,2378.4406,773299413.06,0.1072
64380.0,17.8833,2354.8718,773441412.43,0.1062
64440.0,17.9,2331.303,773581997.68,0.1051
64500.0,17.9167,2307.7341,773721168.79,0.104
64560.0,17.9333,2284.1653,773858925.77,0.103
64620.0,17.95,2260.5965,773995268.63,0.1019
64680.0,17.9667,2237.0276,774130197.35,0.1009
64740.0,17.9833,2213.4588,774263711.94,0.0998
64800.0,18.0,2189.89,774395812.41,0.0987
64860.0,18.0167,2166.3212,774526498.74,0.0977
64920.0,18.0333,2142.7523,774655770.95,0.0966
64980.0,18.05,2119.1835,774783629.02,0.0955
65040.0,18.0667,2095.6147,774910072.97,0.0945
65100.0,18.0833,2072.0458,775035102.78,0.0934
65160.0,18.1,2048.477,775158718.47,0.0924
65220.0,18.1167,2024.9082,775280920.02,0.0913
65280.0,18.1333,2001.3394,775401707.45,0.0902
65340.0,18.15,1977.7705,775521080.75,0.0892
65400.0,18.1667,1954.2017,775639039.91,0.0881
65460.0,18.1833,1930.6329,775755584.95,0.087
65520.0,18.2,1907.064,775870715.86,0.086
65580.0,18.2167,1883.4952,775984432.63,0.0849
65640.0,18.2333,1859.9264,776096735.28,0.0839
65700.0,18.25,1836.3576,776207623.8,0.0828
65760.0,18.2667,1812.7887,776317098.19,0.0817
65820.0,18.2833,1789.2199,776425158.45,0.0807
65880.0,18.3,1765.6511,776531804.58,0.0796
65940.0,18.3167,1742.0822,776637036.58,0.0785
66000.0,18.3333,1718.5134,776740854.45,0.0775
66060.0,18.35,1694.9446,776843258.19,0.0764
66120.0,18.3667,1671.3758,776944247.8,0.0754
66180.0,18.3833,1647.8069,777043823.28,0.0743
66240.0,18.4,1624.2381,777141984.63,0.0732
66300.0,18.4167,1600.6693,777238731.85,0.0722
66360.0,18.4333,1577.1004,777334064.94,0.0711
66420.0,18.45,1553.5316,777427983.9,0.07
66480.0,18.4667,1529.9628,777520488.73,0.069
66540.0,18.4833,1506.394,777611579.44,0.0679
66600.0,18.5,1482.8251,777701256.01,0.0669
66660.0,18.5167,1459.2563,777789518.45,0.0658
66720.0,18.5333,1435.6875,777876366.77,0.0647
66780.0,18.55,1412.1186,777961800.95,0.0637
66840.0,18.5667,1388.5498,778045821.0,0.0626
66900.0,18.5833,1364.981,778128426.93,0.0615
66960.0,18.6,1341.4122,778209618.72,0.0605
67020.0,18.6167,1317.8433,778289396.39,0.0594
67080.0,18.6333,1294.2745,778367759.92,0.0584
67140.0,18.65,1270.7057,778444709.33,0.0573
67200.0,18.6667,1247.1368,778520244.6,0.0562
67260.0,18.6833,1223.568,778594365.75,0.0552
67320.0,18.7,1199.9992,778667072.76,0.0541
67380.0,18.7167,1176.4304,778738365.65,0.053
67440.0,18.7333,1152.8615,778808244.41,0.052
67500.0,18.75,1129.2927,778876709.03,0.0509
67560.0,18.7667,1105.7239,778943759.53,0.0498
67620.0,18.7833,1082.155,779009395.9,0.0488
67680.0,18.8,1058.5862,779073618.13,0.0477
67740.0,18.8167,1035.0174,779136426.24,0.0467
67800.0,18.8333,1011.4486,779197820.22,0.0456
67860.0,18.85,987.8797,779257800.07,0.0445
67920.0,18.8667,964.3109,779316365.79,0.0435
67980.0,18.8833,940.7421,779373517.38,0.0424
68040.0,18.9,917.1732,779429254.84,0.0413
68100.0,18.9167,893.6044,779483578.17,0.0403
68160.0,18.9333,870.0356,779536487.37,0.0392
68220.0,18.95,846.4668,779587982.44,0.0382
68280.0,18.9667,822.8979,779638063.38,0.0371
68340.0,18.9833,799.3291,779686730.19,0.036
68400.0,19.0,775.7603,779733982.87,0.035
68460.0,19.0167,752.1914,779779821.42,0.0339
68520.0,19.0333,728.6226,779824245.84,0.0328
68580.0,19.05,705.0538,779867256.13,0.0318
68640.0,19.0667,681.485,779908852.3,0.0307
68700.0,19.0833,657.9161,779949034.33,0.0297
68760.0,19.1,634.3473,779987802.23,0.0286
68820.0,19.1167,610.7785,780025156.01,0.0275
68880.0,19.1333,587.2096,780061095.65,0.0265
68940.0,19.15,563.6408,780095621.16,0.0254
69000.0,19.1667,540.072,780128732.55,0.0243
69060.0,19.1833,516.5032,780160429.8,0.0233
69120.0,19.2,492.9343,780190712.93,0.0222
69180.0,19.2167,469.3655,780219581.92,0.0212
69240.0,19.2333,445.7967,780247036.79,0.0201
69300.0,19.25,422.2278,780273077.52,0.019
69360.0,19.2667,398.659,780297704.13,0.018
69420.0,19.2833,375.0902,780320916.6,0.0169
69480.0,19.3,351.5214,780342714.95,0.0158
69540.0,19.3167,327.9525,780363099.17,0.0148
69600.0,19.3333,304.3837,780382069.25,0.0137
69660.0,19.35,280.8149,780399625.21,0.0127
69720.0,19.3667,257.246,780415767.04,0.0116
69780.0,19.3833,233.6772,780430494.73,0.0105
69840.0,19.4,210.1084,780443808.3,0.0095
69900.0,19.4167,186.5396,780455707.74,0.0084
69960.0,19.4333,162.9707,780466193.05,0.0073
70020.0,19.45,139.4019,780475264.23,0.0063
70080.0,19.4667,115.8331,780482921.28,0.0052
70140.0,19.4833,92.2642,780489164.2,0.0042
70200.0,19.5,68.6954,780493992.99,0.0031
70260.0,19.5167,45.1266,780497407.65,0.002
70320.0,19.5333,21.5578,780499408.18,0.001
70374.8804,19.5486,0.0,780499999.73,0.0
