place_name,source,geometry_type,lat,lon,response_zone,affected,earliest_arrival_hr,max_depth_m,max_velocity_mps,hazard_class,arrival_priority,population_estimate,population_method,buildings_exposed,roads_exposed_km,bridges_exposed,facilities_exposed,notes
Bhavanisagar,OpenStreetMap Real Geographic Settlements,Point,11.434347,77.066117,"ZONE_01 (Bhavanisagar Dam Toe Reach, Ch. 0.00-7.50 km)",True,0.0,21.99,10.76,H6,IMMEDIATE_<30_MIN,,POINT_SCREENING_POPULATION_UNALLOCATED,5050,19.8,1,1,Settlement reference point affected; whole municipal area not quantified. Located downstream of earthen embankment breach (Ch. 0.00-7.50 km).
Sathyamangalam,OpenStreetMap Real Geographic Settlements,Point,11.552374,77.265376,"ZONE_02 (Sathyamangalam Urban & Peri-Urban Corridor, Ch. 7.50-17.50 km)",True,2.0,17.56,6.4,H6,PRIORITY_1_2_HR,,POINT_SCREENING_POPULATION_UNALLOCATED,6140,59.24,4,0,Settlement reference point affected; whole municipal area not quantified. Major urban reach along Lower Bhavani River (Ch. 7.50-17.50 km).
Kodiveri,OpenStreetMap Real Geographic Settlements,Point,11.460625,77.307376,"ZONE_03 (Ariyappampalayam-Kodiveri Agricultural Reach, Ch. 17.50-26.50 km)",True,4.17,18.8,6.07,H6,ADVANCE_NOTICE_>2_HR,,POINT_SCREENING_POPULATION_UNALLOCATED,8681,83.02,9,15,Settlement reference point affected; whole municipal area not quantified. Agricultural and anicut reach (Ch. 17.50-26.50 km).
Gobichettipalayam,OpenStreetMap Real Geographic Settlements,Point,11.455182,77.435067,"ZONE_04 (Gobichettipalayam Approach Reach, Ch. 26.50-35.50 km)",True,6.0,16.06,5.68,H6,ADVANCE_NOTICE_>2_HR,,POINT_SCREENING_POPULATION_UNALLOCATED,4742,59.02,3,6,Settlement reference point affected; whole municipal area not quantified. Approach reach along Lower Bhavani River (Ch. 26.50-35.50 km).
Kalingarayanpalayam,OpenStreetMap Real Geographic Settlements,Point,11.435884,77.675382,"ZONE_05 (Gobichettipalayam-Kavindapadi Northern Floodplain, Ch. 35.50-44.50 km)",True,8.0,12.69,5.61,H6,ADVANCE_NOTICE_>2_HR,,POINT_SCREENING_POPULATION_UNALLOCATED,376,5.62,1,3,Settlement reference point affected; whole municipal area not quantified. Canal intake and northern floodplain reach (Ch. 35.50-44.50 km).
Bhavani,OpenStreetMap Real Geographic Settlements,Point,11.469978,77.331215,"ZONE_06 (Lower Bhavani Canal Confluence Reach, Ch. 44.50-51.73 km)",True,8.33,11.59,3.11,H6,ADVANCE_NOTICE_>2_HR,,POINT_SCREENING_POPULATION_UNALLOCATED,663,17.12,2,15,Settlement reference point affected; whole municipal area not quantified. Kaveri confluence reach terminating at Ch. 51.73 km.
Nambiyur,OpenStreetMap Real Geographic Settlements,Point,11.361484,77.350198,Outside Inundation Corridor,False,,,,,OUTSIDE_MODELED_INUNDATION,,POINT_SCREENING_POPULATION_UNALLOCATED,,,,,Located on southern elevated ridge outside D-Flow wet extent.
Komarapalayam,OpenStreetMap Real Geographic Settlements,Point,11.442513,77.693981,Outside Modeled Reach (>51.73 km),False,,,,,OUTSIDE_MODELED_INUNDATION,,POINT_SCREENING_POPULATION_UNALLOCATED,,,,,Settlement lies on eastern bank of Kaveri River beyond the 51.73 km Lower Bhavani modeled reach boundary.
Sirumugai,OpenStreetMap Real Geographic Settlements,Point,11.318228,77.00665,Upstream Reservoir Catchment,False,,,,,OUTSIDE_MODELED_INUNDATION,,POINT_SCREENING_POPULATION_UNALLOCATED,,,,,Located upstream along Bhavani River reservoir inflow arm.
Mettupalayam,OpenStreetMap Real Geographic Settlements,Point,11.305936,76.935654,Upstream Reservoir Catchment,False,,,,,OUTSIDE_MODELED_INUNDATION,,POINT_SCREENING_POPULATION_UNALLOCATED,,,,,Located upstream in Nilgiris foothill catchment above reservoir headwaters.
