TimeStep [s],Np,Nbound,Nfixed,Nmoving,Nfloat,Nfluid
264,400,0,0,0,0,400

Pos.x [m],Pos.y [m],Pos.z [m],Idp,Vel.x [m/s],Vel.y [m/s],Vel.z [m/s],Rhop [kg/m^3],Press [Pa],Type,
  2.3483165E+02,  0.0000000E+00,  2.5757770E+02,2495,  1.7745574E-01,  0.0000000E+00,  8.7936640E-02,  9.9991364E+02, -5.1337397E+03,3,
  2.3655690E+02,  0.0000000E+00,  2.5778781E+02,2498,  1.7912634E-01,  0.0000000E+00,  6.1076671E-02,  9.9994067E+02, -3.5267844E+03,3,
  2.3740312E+02,  0.0000000E+00,  2.5782712E+02,2489,  1.7546156E-01,  0.0000000E+00,  2.0012036E-02,  9.9986572E+02, -7.9806392E+03,3,
  2.3747156E+02,  0.0000000E+00,  2.5782672E+02,2464,  1.7452733E-01,  0.0000000E+00,  1.3014534E-02,  9.9983777E+02, -9.6412549E+03,3,
  2.3931862E+02,  0.0000000E+00,  2.5785016E+02,2502,  1.7377304E-01,  0.0000000E+00,  4.7399957E-02,  9.9999335E+02, -3.9555582E+02,3,
  2.4173833E+02,  0.0000000E+00,  2.5772278E+02,2499,  1.7139022E-01,  0.0000000E+00,  7.9905596E-03,  9.9992468E+02, -4.4772051E+03,3,
  2.4655202E+02,  0.0000000E+00,  2.5765820E+02,2491,  1.8640311E-01,  0.0000000E+00,  3.2438591E-02,  9.9982166E+02, -1.0598339E+04,3,
  2.4710129E+02,  0.0000000E+00,  2.5766043E+02,2483,  1.7289902E-01,  0.0000000E+00, -6.6310123E-02,  9.9976642E+02, -1.3878550E+04,3,
  2.5094504E+02,  0.0000000E+00,  2.5786459E+02,2485,  1.7622250E-01,  0.0000000E+00, -7.6182112E-02,  1.0001760E+03,  1.0471637E+04,3,
  2.5095174E+02,  0.0000000E+00,  2.5786502E+02,2477,  1.7620583E-01,  0.0000000E+00, -7.6142587E-02,  1.0001793E+03,  1.0667812E+04,3,
  2.5377008E+02,  0.0000000E+00,  2.5781461E+02,2481,  1.8419150E-01,  0.0000000E+00, -6.1277937E-02,  9.9961481E+02, -2.2876328E+04,3,
  2.5437061E+02,  0.0000000E+00,  2.5780661E+02,2494,  1.8748395E-01,  0.0000000E+00, -7.2726883E-02,  9.9982257E+02, -1.0543962E+04,3,
  2.5439168E+02,  0.0000000E+00,  2.5779520E+02,2490,  1.8745746E-01,  0.0000000E+00, -7.5438432E-02,  9.9982025E+02, -1.0681717E+04,3,
  2.5973041E+02,  0.0000000E+00,  2.5767532E+02,2475,  1.8657592E-01,  0.0000000E+00,  8.7001078E-02,  1.0002477E+03,  1.4741164E+04,3,
  2.6316336E+02,  0.0000000E+00,  2.5772940E+02,2486,  1.7967418E-01,  0.0000000E+00, -2.2573987E-02,  9.9977478E+02, -1.3382058E+04,3,
  2.6343982E+02,  0.0000000E+00,  2.5770877E+02,2460,  1.8306625E-01,  0.0000000E+00, -8.1827734E-03,  9.9960895E+02, -2.3223902E+04,3,
  2.6400552E+02,  0.0000000E+00,  2.5772693E+02,2456,  1.8601644E-01,  0.0000000E+00,  1.1148298E-02,  9.9896021E+02, -6.1631551E+04,3,
  2.6651962E+02,  0.0000000E+00,  2.5836044E+02,2452,  1.7399217E-01,  0.0000000E+00,  2.2204962E-02,  1.0018134E+03,  1.0841031E+05,3,
  2.6839877E+02,  0.0000000E+00,  2.5775449E+02,2473,  2.0409077E-01,  0.0000000E+00,  3.5802368E-02,  9.9903345E+02, -5.7302867E+04,3,
  2.7084402E+02,  0.0000000E+00,  2.5778561E+02,2482,  1.7334029E-01,  0.0000000E+00,  4.3519314E-02,  9.9983429E+02, -9.8479062E+03,3,
  2.7114731E+02,  0.0000000E+00,  2.5779105E+02,2478,  1.6955268E-01,  0.0000000E+00,  4.2815831E-02,  9.9992670E+02, -4.3575005E+03,3,
  2.7546893E+02,  0.0000000E+00,  2.5765079E+02,2467,  1.8067238E-01,  0.0000000E+00,  2.9274084E-02,  9.9994476E+02, -3.2837234E+03,3,
  2.7573184E+02,  0.0000000E+00,  2.5762341E+02,2487,  1.8568289E-01,  0.0000000E+00,  1.5154235E-02,  9.9994568E+02, -3.2293059E+03,3,
  2.7598633E+02,  0.0000000E+00,  2.5760294E+02,2479,  1.8852577E-01,  0.0000000E+00,  2.1888580E-02,  9.9994751E+02, -3.1204700E+03,3,
  2.8692087E+02,  0.0000000E+00,  2.5761786E+02,2471, -4.6112299E-01,  0.0000000E+00,  4.9156722E-02,  1.0000057E+03,  3.4113422E+02,3,
  2.8879315E+02,  0.0000000E+00,  2.5778772E+02,2466, -4.4043428E-01,  0.0000000E+00,  1.1016026E-02,  9.9998108E+02, -1.1249338E+03,3,
  2.8964740E+02,  0.0000000E+00,  2.5778845E+02,2465, -4.3818307E-01,  0.0000000E+00,  4.2604464E-03,  9.9954431E+02, -2.7057289E+04,3,
  2.8971445E+02,  0.0000000E+00,  2.5777924E+02,2448, -4.3950948E-01,  0.0000000E+00,  1.3775113E-03,  9.9935217E+02, -3.8443691E+04,3,
  2.9067575E+02,  0.0000000E+00,  2.5789548E+02,2453, -4.4479293E-01,  0.0000000E+00,  1.8729098E-02,  1.0004232E+03,  2.5191992E+04,3,
  2.9498538E+02,  0.0000000E+00,  2.5776263E+02,2447, -4.6116802E-01,  0.0000000E+00, -1.8413702E-03,  1.0001642E+03,  9.7668867E+03,3,
  2.9782339E+02,  0.0000000E+00,  2.5778381E+02,2470, -4.3872064E-01,  0.0000000E+00, -1.6885746E-02,  9.9973260E+02, -1.5886010E+04,3,
  2.9882794E+02,  0.0000000E+00,  2.5779730E+02,2462, -4.4264507E-01,  0.0000000E+00, -3.1655904E-02,  9.9940625E+02, -3.5240332E+04,3,
  3.0208286E+02,  0.0000000E+00,  2.5787283E+02,2436, -4.4491220E-01,  0.0000000E+00, -9.0642339E-03,  1.0003041E+03,  1.8099939E+04,3,
  3.0218573E+02,  0.0000000E+00,  2.5785013E+02,2469, -4.4499347E-01,  0.0000000E+00, -7.5084991E-03,  1.0002242E+03,  1.3338376E+04,3,
  3.0241254E+02,  0.0000000E+00,  2.5780768E+02,2432, -4.4472641E-01,  0.0000000E+00, -6.6359607E-03,  1.0001036E+03,  6.1603691E+03,3,
  3.0433600E+02,  0.0000000E+00,  2.5754675E+02,2419, -4.4355106E-01,  0.0000000E+00, -1.5284703E-02,  9.9983612E+02, -9.7391426E+03,3,
  3.2776395E+02,  0.0000000E+00,  2.5671094E+02,2455,  7.7883140E-03,  0.0000000E+00,  2.6337093E-02,  1.0004111E+03,  2.4471645E+04,3,
  3.2764133E+02,  0.0000000E+00,  2.5677893E+02,2451, -1.3355422E-02,  0.0000000E+00, -1.5897630E-02,  1.0003471E+03,  2.0659768E+04,3,
  3.2780887E+02,  0.0000000E+00,  2.5672180E+02,2459, -4.5952774E-03,  0.0000000E+00,  1.4894009E-03,  1.0004297E+03,  2.5581293E+04,3,
  3.3253238E+02,  0.0000000E+00,  2.5341634E+02,2444, -2.7666343E-03,  0.0000000E+00,  7.1060093E-04,  1.0009484E+03,  5.6552121E+04,3,
  3.3681042E+02,  0.0000000E+00,  2.5305518E+02,2446, -4.7272518E-03,  0.0000000E+00, -5.1162923E-03,  1.0015545E+03,  9.2859789E+04,3,
  3.3234720E+02,  0.0000000E+00,  2.5437611E+02,2457, -3.6509002E-03,  0.0000000E+00,  6.2133890E-04,  9.9848004E+02, -8.9962555E+04,3,
  3.3258914E+02,  0.0000000E+00,  2.5340733E+02,2461, -4.6310230E-04,  0.0000000E+00,  4.8447846E-04,  1.0009443E+03,  5.6303941E+04,3,
  3.3896954E+02,  0.0000000E+00,  2.5588124E+02,2463, -5.5593722E-03,  0.0000000E+00, -3.7530614E-03,  1.0010154E+03,  6.0560324E+04,3,
  3.3376212E+02,  0.0000000E+00,  2.5727353E+02,2435, -1.2756835E-02,  0.0000000E+00,  3.3724557E-03,  1.0008707E+03,  5.1907102E+04,3,
  3.4148499E+02,  0.0000000E+00,  2.5359825E+02,2442, -7.4425386E-03,  0.0000000E+00, -6.7286547E-03,  1.0005459E+03,  3.2511203E+04,3,
  3.4219077E+02,  0.0000000E+00,  2.5353751E+02,2445, -5.7397275E-03,  0.0000000E+00, -7.9461876E-03,  1.0007831E+03,  4.6669914E+04,3,
  3.4469244E+02,  0.0000000E+00,  2.5479333E+02,2441, -5.6023919E-03,  0.0000000E+00, -2.8123045E-03,  1.0011174E+03,  6.6663328E+04,3,
  3.4510886E+02,  0.0000000E+00,  2.5379802E+02,2428, -7.6926486E-03,  0.0000000E+00,  2.5223119E-03,  9.9925250E+02, -4.4345125E+04,3,
  3.4998373E+02,  0.0000000E+00,  2.5377792E+02,2450, -5.6873811E-03,  0.0000000E+00, -1.1037698E-03,  1.0006312E+03,  3.7598879E+04,3,
  3.5393930E+02,  0.0000000E+00,  2.5564865E+02,2443, -1.0689356E-02,  0.0000000E+00, -3.0132018E-03,  1.0007480E+03,  4.4573621E+04,3,
  3.4739795E+02,  0.0000000E+00,  2.5363116E+02,2449, -6.7818612E-03,  0.0000000E+00, -5.4974873E-03,  1.0012495E+03,  7.4572469E+04,3,
  3.5007642E+02,  0.0000000E+00,  2.5377826E+02,2474, -5.3959657E-03,  0.0000000E+00,  3.3390077E-04,  1.0005697E+03,  3.3931266E+04,3,
  3.5373999E+02,  0.0000000E+00,  2.5328932E+02,2458, -4.6137921E-03,  0.0000000E+00,  8.5283985E-04,  1.0013461E+03,  8.0362094E+04,3,
  3.5901480E+02,  0.0000000E+00,  2.5382965E+02,2440, -5.5238544E-03,  0.0000000E+00, -4.7874896E-04,  1.0003547E+03,  2.1110715E+04,3,
  3.5881891E+02,  0.0000000E+00,  2.5389946E+02,2429, -6.1177080E-03,  0.0000000E+00, -2.0854503E-03,  9.9992487E+02, -4.4663228E+03,3,
  3.5850150E+02,  0.0000000E+00,  2.5311292E+02,2433, -1.8015844E-03,  0.0000000E+00, -1.1186205E-03,  1.0011440E+03,  6.8256352E+04,3,
  3.6091663E+02,  0.0000000E+00,  2.5467538E+02,2420, -3.3203189E-03,  0.0000000E+00, -8.8886013E-03,  1.0008425E+03,  5.0221855E+04,3,
  3.6275723E+02,  0.0000000E+00,  2.5661343E+02,2439, -4.5721889E-03,  0.0000000E+00,  1.3625364E-04,  1.0005380E+03,  3.2041535E+04,3,
  3.6627255E+02,  0.0000000E+00,  2.5766919E+02,2410, -9.1539398E-03,  0.0000000E+00, -4.5088250E-03,  9.9998712E+02, -7.6569464E+02,3,
  3.6798718E+02,  0.0000000E+00,  2.5793494E+02,2438, -6.2685916E-03,  0.0000000E+00, -3.7475151E-03,  1.0000074E+03,  4.3912173E+02,3,
  3.6899142E+02,  0.0000000E+00,  2.5800439E+02,2424, -5.3597195E-03,  0.0000000E+00, -3.0596890E-03,  1.0000152E+03,  9.0366840E+02,3,
  3.7012234E+02,  0.0000000E+00,  2.5802783E+02,2437, -4.8885932E-03,  0.0000000E+00, -3.1178689E-03,  1.0000286E+03,  1.7021588E+03,3,
  3.7279712E+02,  0.0000000E+00,  2.5795084E+02,2416, -7.6461537E-03,  0.0000000E+00, -6.4267265E-03,  1.0002739E+03,  1.6300454E+04,3,
  3.7471686E+02,  0.0000000E+00,  2.5783563E+02,2412, -5.1667253E-03,  0.0000000E+00, -5.0116680E-04,  1.0000860E+03,  5.1146157E+03,3,
  3.7676401E+02,  0.0000000E+00,  2.5778479E+02,2454, -5.7320436E-03,  0.0000000E+00, -3.3868547E-03,  1.0000468E+03,  2.7838530E+03,3,
  3.7681516E+02,  0.0000000E+00,  2.5778400E+02,2434, -5.8159861E-03,  0.0000000E+00, -3.0104937E-03,  1.0000462E+03,  2.7475527E+03,3,
  3.7947900E+02,  0.0000000E+00,  2.5772403E+02,2431, -6.3382923E-03,  0.0000000E+00,  2.5939820E-03,  1.0001318E+03,  7.8417949E+03,3,
  3.8161163E+02,  0.0000000E+00,  2.5769858E+02,2427, -4.6333228E-03,  0.0000000E+00,  4.5997165E-03,  1.0002744E+03,  1.6329534E+04,3,
  3.8634067E+02,  0.0000000E+00,  2.5777347E+02,2414, -6.2140059E-03,  0.0000000E+00,  8.7832641E-03,  1.0001576E+03,  9.3745732E+03,3,
  3.8639136E+02,  0.0000000E+00,  2.5777551E+02,2422, -6.0594347E-03,  0.0000000E+00,  9.4998023E-03,  1.0001717E+03,  1.0213707E+04,3,
  3.8763684E+02,  0.0000000E+00,  2.5784076E+02,2425, -7.7409269E-03,  0.0000000E+00,  6.1147297E-03,  1.0008152E+03,  4.8591598E+04,3,
  3.9066779E+02,  0.0000000E+00,  2.5761407E+02,2404, -5.6041852E-03,  0.0000000E+00, -2.4900485E-03,  1.0014431E+03,  8.6177039E+04,3,
  3.9036987E+02,  0.0000000E+00,  2.5773184E+02,2417, -6.6428045E-03,  0.0000000E+00,  3.7573040E-02,  9.9728461E+02, -1.6014241E+05,3,
  3.9383282E+02,  0.0000000E+00,  2.5912167E+02,2430, -4.7793724E-03,  0.0000000E+00, -9.3738141E-04,  1.0017181E+03,  1.0268512E+05,3,
  3.9641876E+02,  0.0000000E+00,  2.5766168E+02,2421, -9.5354132E-03,  0.0000000E+00, -1.8910069E-02,  9.9956000E+02, -2.6127133E+04,3,
  3.9643906E+02,  0.0000000E+00,  2.5766122E+02,2413, -8.9753587E-03,  0.0000000E+00, -1.7951740E-02,  9.9958685E+02, -2.4534443E+04,3,
  3.9685950E+02,  0.0000000E+00,  2.5766269E+02,2418, -5.8710133E-03,  0.0000000E+00, -1.2086230E-02,  9.9990332E+02, -5.7467085E+03,3,
  4.0103989E+02,  0.0000000E+00,  2.5776459E+02,2423, -6.9611478E-03,  0.0000000E+00,  9.5383194E-04,  1.0006056E+03,  3.6072668E+04,3,
  4.0287933E+02,  0.0000000E+00,  2.5772598E+02,2399, -6.5976558E-03,  0.0000000E+00,  1.5253393E-03,  1.0001300E+03,  7.7328384E+03,3,
  4.0490930E+02,  0.0000000E+00,  2.5772070E+02,2403, -8.2594752E-03,  0.0000000E+00,  2.8481779E-03,  1.0001626E+03,  9.6724395E+03,3,
  4.0815836E+02,  0.0000000E+00,  2.5771454E+02,2426, -7.4777035E-03,  0.0000000E+00,  1.6699761E-02,  9.9974487E+02, -1.5157719E+04,3,
  4.0852338E+02,  0.0000000E+00,  2.5771057E+02,2406, -8.3939387E-03,  0.0000000E+00, -9.5995106E-03,  9.9963013E+02, -2.1967504E+04,3,
  4.1040314E+02,  0.0000000E+00,  2.5837088E+02,2409, -6.7348531E-03,  0.0000000E+00, -3.9513228E-03,  1.0015726E+03,  9.3947766E+04,3,
  4.1292102E+02,  0.0000000E+00,  2.5773764E+02,2408, -7.7296980E-03,  0.0000000E+00, -1.2397220E-02,  9.9938403E+02, -3.6556512E+04,3,
  4.1348035E+02,  0.0000000E+00,  2.5774969E+02,2390, -7.3858420E-03,  0.0000000E+00, -8.6321700E-03,  9.9979370E+02, -1.2258516E+04,3,
  4.1601334E+02,  0.0000000E+00,  2.5770279E+02,2415, -4.6532690E-03,  0.0000000E+00, -1.8397599E-02,  1.0002529E+03,  1.5046461E+04,3,
  4.1723093E+02,  0.0000000E+00,  2.5764862E+02,2407, -8.4221503E-03,  0.0000000E+00,  1.9655840E-02,  1.0002301E+03,  1.3690872E+04,3,
  4.2247168E+02,  0.0000000E+00,  2.5771524E+02,2411, -6.2054116E-03,  0.0000000E+00,  1.2752453E-02,  1.0005782E+03,  3.4441082E+04,3,
  4.2377954E+02,  0.0000000E+00,  2.5808923E+02,2402, -6.5969182E-03,  0.0000000E+00,  6.9509413E-05,  1.0014171E+03,  8.4617758E+04,3,
  4.2598682E+02,  0.0000000E+00,  2.5774948E+02,2405, -7.1814712E-03,  0.0000000E+00, -4.2156191E-03,  9.9924487E+02, -4.4796711E+04,3,
  4.2586887E+02,  0.0000000E+00,  2.5773959E+02,2401, -7.3547657E-03,  0.0000000E+00, -5.1160674E-03,  9.9883545E+02, -6.9000359E+04,3,
  4.2596384E+02,  0.0000000E+00,  2.5774701E+02,2381, -6.7515112E-03,  0.0000000E+00, -6.0656141E-03,  9.9917615E+02, -4.8863676E+04,3,
  4.3560696E+02,  0.0000000E+00,  2.5764236E+02,2398, -7.4331970E-03,  0.0000000E+00, -7.4356333E-03,  1.0002520E+03,  1.4991942E+04,3,
  4.3001700E+02,  0.0000000E+00,  2.5773630E+02,2371, -4.8923367E-03,  0.0000000E+00, -9.6936403E-03,  1.0010789E+03,  6.4354633E+04,3,
  4.3619083E+02,  0.0000000E+00,  2.5760428E+02,2400, -6.5900781E-03,  0.0000000E+00, -1.1095909E-02,  1.0004999E+03,  2.9766322E+04,3,
  4.3632697E+02,  0.0000000E+00,  2.5758490E+02,2394, -6.8442067E-03,  0.0000000E+00, -1.0406530E-02,  1.0006024E+03,  3.5883273E+04,3,
  4.3753503E+02,  0.0000000E+00,  2.5774255E+02,2384, -5.5106464E-03,  0.0000000E+00, -1.6064987E-02,  9.9774396E+02, -1.3323517E+05,3,
  4.4446954E+02,  0.0000000E+00,  2.5770746E+02,2392, -5.3806310E-03,  0.0000000E+00, -5.2612202E-05,  1.0004150E+03,  2.4708117E+04,3,
  4.4379150E+02,  0.0000000E+00,  2.5769095E+02,2396, -8.4367525E-03,  0.0000000E+00, -2.2956312E-03,  9.9989917E+02, -5.9933359E+03,3,
  4.4741431E+02,  0.0000000E+00,  2.5780170E+02,2388, -4.5807404E-03,  0.0000000E+00,  2.6936952E-03,  9.9916974E+02, -4.9242836E+04,3,
  4.4437323E+02,  0.0000000E+00,  2.5770752E+02,2389, -3.8556722E-03,  0.0000000E+00,  1.7479890E-03,  1.0002557E+03,  1.5213650E+04,3,
  4.3953284E+02,  0.0000000E+00,  2.6044107E+02,2387, -4.6676467E-03,  0.0000000E+00, -8.6578783E-03,  1.0015275E+03,  9.1240875E+04,3,
  4.4888470E+02,  0.0000000E+00,  2.5796503E+02,2397, -5.6139333E-03,  0.0000000E+00, -3.7098047E-03,  1.0007690E+03,  4.5831344E+04,3,
  4.5116034E+02,  0.0000000E+00,  2.5787650E+02,2393, -5.0066966E-03,  0.0000000E+00,  1.1480204E-03,  1.0001667E+03,  9.9158242E+03,3,
  4.5278186E+02,  0.0000000E+00,  2.5783340E+02,2385, -5.0020106E-03,  0.0000000E+00,  3.8104469E-04,  9.9998706E+02, -7.6932343E+02,3,
  4.5492770E+02,  0.0000000E+00,  2.5774634E+02,2376, -4.9426309E-03,  0.0000000E+00, -3.0155042E-03,  1.0001039E+03,  6.1785254E+03,3,
  4.6084537E+02,  0.0000000E+00,  2.5999396E+02,2375, -3.7134506E-03,  0.0000000E+00, -5.3506339E-04,  1.0018131E+03,  1.0839197E+05,3,
  4.5652509E+02,  0.0000000E+00,  2.5763748E+02,2372, -5.4522762E-03,  0.0000000E+00,  2.1363462E-03,  9.9996716E+02, -1.9522230E+03,3,
  4.5629767E+02,  0.0000000E+00,  2.5765259E+02,2386, -5.7042139E-03,  0.0000000E+00,  1.1300428E-03,  9.9997272E+02, -1.6220414E+03,3,
  4.6286105E+02,  0.0000000E+00,  2.5752856E+02,2374, -4.8515876E-03,  0.0000000E+00, -4.7296582E-04,  9.9967761E+02, -1.9149980E+04,3,
  4.6296628E+02,  0.0000000E+00,  2.5760574E+02,2379, -4.9753143E-03,  0.0000000E+00, -4.6723071E-04,  9.9856580E+02, -8.4908797E+04,3,
  4.6541116E+02,  0.0000000E+00,  2.5756342E+02,2395, -4.6122679E-03,  0.0000000E+00,  3.8731477E-04,  1.0007098E+03,  4.2295543E+04,3,
  4.6817960E+02,  0.0000000E+00,  2.5770895E+02,2370, -2.9548488E-03,  0.0000000E+00, -1.5735686E-02,  1.0003566E+03,  2.1223455E+04,3,
  4.6848508E+02,  0.0000000E+00,  2.5776578E+02,2369, -6.6153635E-03,  0.0000000E+00,  1.1376118E-02,  1.0003381E+03,  2.0125203E+04,3,
  5.6610199E+02,  0.0000000E+00,  2.5757153E+02,2383,  1.8112919E+00,  0.0000000E+00, -2.3827609E-02,  1.0000310E+03,  1.8437162E+03,3,
  5.6674908E+02,  0.0000000E+00,  2.5752585E+02,2368,  1.8145036E+00,  0.0000000E+00, -4.3924302E-01,  9.9990179E+02, -5.8373809E+03,3,
  5.6753931E+02,  0.0000000E+00,  2.5768076E+02,2377,  1.8260309E+00,  0.0000000E+00,  4.9302718E-01,  9.9957916E+02, -2.4990559E+04,3,
  5.6866833E+02,  0.0000000E+00,  2.5778729E+02,2380,  1.8653668E+00,  0.0000000E+00,  1.5986528E-01,  9.9855725E+02, -8.5412492E+04,3,
  5.7254120E+02,  0.0000000E+00,  2.5903015E+02,2378,  1.6877173E+00,  0.0000000E+00,  8.1177376E-02,  1.0014717E+03,  8.7890328E+04,3,
  5.7383044E+02,  0.0000000E+00,  2.5757568E+02,2382,  1.7800002E+00,  0.0000000E+00, -1.4743923E-01,  1.0000126E+03,  7.5123663E+02,3,
  5.7384143E+02,  0.0000000E+00,  2.5757123E+02,2373,  1.7774616E+00,  0.0000000E+00, -1.6166954E-01,  1.0000104E+03,  6.1695343E+02,3,
  5.7440796E+02,  0.0000000E+00,  2.5757178E+02,2391,  1.7871128E+00,  0.0000000E+00,  9.6708030E-02,  9.9987994E+02, -7.1357217E+03,3,
 -3.9534335E+02,  0.0000000E+00,  2.6842499E+02,2764, -5.1707892E-05,  0.0000000E+00,  8.9519126E-06,  1.0006840E+03,  4.0754035E+04,3,
 -3.9251559E+02,  0.0000000E+00,  2.7037503E+02,2765, -3.9036313E-05,  0.0000000E+00,  6.8863477E-07,  1.0000799E+03,  4.7515322E+03,3,
 -3.9392050E+02,  0.0000000E+00,  2.7109952E+02,2766,  1.4183897E-04,  0.0000000E+00, -2.4644172E-05,  1.0003409E+03,  2.0292479E+04,3,
 -3.9447772E+02,  0.0000000E+00,  2.7345660E+02,2767, -1.2644634E-04,  0.0000000E+00,  6.5747565E-07,  1.0006207E+03,  3.6972340E+04,3,
 -3.8673016E+02,  0.0000000E+00,  2.7129929E+02,2762,  5.5121094E-05,  0.0000000E+00, -1.8298519E-05,  1.0003439E+03,  2.0470668E+04,3,
 -3.8928976E+02,  0.0000000E+00,  2.6693500E+02,2760, -2.1679987E-05,  0.0000000E+00,  1.6206939E-04,  1.0024341E+03,  1.4579031E+05,3,
 -3.8464935E+02,  0.0000000E+00,  2.7090955E+02,2761,  1.3601748E-05,  0.0000000E+00, -1.6623328E-05,  1.0002122E+03,  1.2626156E+04,3,
 -3.8151929E+02,  0.0000000E+00,  2.6688248E+02,2756,  3.7821490E-05,  0.0000000E+00,  6.7159082E-05,  1.0035290E+03,  2.1206112E+05,3,
 -3.8410358E+02,  0.0000000E+00,  2.7088934E+02,2757, -1.4326983E-05,  0.0000000E+00,  1.1027071E-05,  1.0001605E+03,  9.5453008E+03,3,
 -3.7742612E+02,  0.0000000E+00,  2.7165976E+02,2758,  4.4058212E-05,  0.0000000E+00,  3.3351858E-05,  1.0002474E+03,  1.4722992E+04,3,
 -3.8870331E+02,  0.0000000E+00,  2.7374741E+02,2763, -3.3444641E-05,  0.0000000E+00,  2.8415454E-05,  1.0005989E+03,  3.5672031E+04,3,
 -3.8040222E+02,  0.0000000E+00,  2.7389337E+02,2759,  1.0462310E-04,  0.0000000E+00,  4.5813802E-05,  1.0005606E+03,  3.3388707E+04,3,
 -3.7826135E+02,  0.0000000E+00,  2.7080984E+02,2752,  1.0783304E-04,  0.0000000E+00, -1.8312905E-05,  9.9997388E+02, -1.5531010E+03,3,
 -3.7501682E+02,  0.0000000E+00,  2.7147311E+02,2754,  4.9761395E-05,  0.0000000E+00,  9.6925623E-06,  1.0000936E+03,  5.5684883E+03,3,
 -3.7003030E+02,  0.0000000E+00,  2.7054269E+02,2753,  4.5098222E-05,  0.0000000E+00, -4.5567307E-05,  1.0000222E+03,  1.3210531E+03,3,
 -3.6377151E+02,  0.0000000E+00,  2.7089597E+02,2750,  1.2881531E-04,  0.0000000E+00, -1.4150205E-06,  1.0002426E+03,  1.4435878E+04,3,
 -3.7410706E+02,  0.0000000E+00,  2.6686758E+02,2748, -1.6181721E-04,  0.0000000E+00,  3.1032050E-05,  1.0042322E+03,  2.5485786E+05,3,
 -3.7003992E+02,  0.0000000E+00,  2.7052124E+02,2749,  5.8248290E-05,  0.0000000E+00,  7.2108037E-06,  1.0000077E+03,  4.5726770E+02,3,
 -3.6622641E+02,  0.0000000E+00,  2.6686490E+02,2744,  4.4398621E-05,  0.0000000E+00,  8.6852642E-06,  1.0036465E+03,  2.1920245E+05,3,
 -3.7177063E+02,  0.0000000E+00,  2.7385254E+02,2755,  1.8855464E-04,  0.0000000E+00,  1.0114285E-04,  1.0005790E+03,  3.4488422E+04,3,
 -3.6646371E+02,  0.0000000E+00,  2.7344016E+02,2751,  8.9882229E-07,  0.0000000E+00, -7.1496826E-05,  1.0005181E+03,  3.0851078E+04,3,
 -3.6205316E+02,  0.0000000E+00,  2.7027643E+02,2740,  8.1669772E-05,  0.0000000E+00, -2.4452442E-05,  1.0003907E+03,  2.3256633E+04,3,
 -3.6054462E+02,  0.0000000E+00,  2.7095825E+02,2746,  5.3999258E-05,  0.0000000E+00, -5.2899115E-05,  1.0003242E+03,  1.9296141E+04,3,
 -3.5844705E+02,  0.0000000E+00,  2.7334460E+02,2747,  1.4658869E-04,  0.0000000E+00, -7.0257804E-05,  1.0004400E+03,  2.6196199E+04,3,
 -3.5508118E+02,  0.0000000E+00,  2.7061578E+02,2745,  1.9869354E-04,  0.0000000E+00, -4.7389422E-05,  1.0004255E+03,  2.5333885E+04,3,
 -3.5301004E+02,  0.0000000E+00,  2.7171634E+02,2742,  1.5362937E-04,  0.0000000E+00, -6.2329367E-05,  1.0003190E+03,  1.8987078E+04,3,
 -3.5214572E+02,  0.0000000E+00,  2.7112375E+02,2741,  1.2875105E-04,  0.0000000E+00,  4.7443359E-07,  1.0003278E+03,  1.9510672E+04,3,
 -3.5776471E+02,  0.0000000E+00,  2.6665717E+02,2736,  1.2138937E-04,  0.0000000E+00,  1.7137618E-05,  1.0035164E+03,  2.1129761E+05,3,
 -3.5076770E+02,  0.0000000E+00,  2.7123114E+02,2738,  9.6734511E-05,  0.0000000E+00, -2.7200160E-05,  1.0001936E+03,  1.1517955E+04,3,
 -3.4939682E+02,  0.0000000E+00,  2.6690784E+02,2732,  6.3586798E-05,  0.0000000E+00,  1.6722199E-05,  1.0027025E+03,  1.6199461E+05,3,
 -3.4674670E+02,  0.0000000E+00,  2.7283411E+02,2743,  3.2835314E-04,  0.0000000E+00, -6.0098708E-05,  1.0004343E+03,  2.5857814E+04,3,
 -3.4226871E+02,  0.0000000E+00,  2.7325266E+02,2739,  3.1317575E-04,  0.0000000E+00, -6.3929110E-05,  1.0005333E+03,  3.1761201E+04,3,
 -3.4223941E+02,  0.0000000E+00,  2.6991116E+02,2737,  2.7288005E-04,  0.0000000E+00, -2.2876995E-06,  1.0001721E+03,  1.0239136E+04,3,
 -3.4093051E+02,  0.0000000E+00,  2.7074063E+02,2734,  1.5568474E-04,  0.0000000E+00, -9.6724179E-05,  1.0002239E+03,  1.3323841E+04,3,
 -3.4433182E+02,  0.0000000E+00,  2.6820746E+02,2728,  2.4042478E-04,  0.0000000E+00, -1.9324760E-05,  1.0013628E+03,  8.1360898E+04,3,
 -3.3669794E+02,  0.0000000E+00,  2.7309433E+02,2735,  3.6827763E-04,  0.0000000E+00, -1.2971039E-04,  1.0004913E+03,  2.9253107E+04,3,
 -3.3771063E+02,  0.0000000E+00,  2.6694342E+02,2720,  2.4245617E-04,  0.0000000E+00,  3.7142232E-05,  1.0019088E+03,  1.1414612E+05,3,
 -3.3374927E+02,  0.0000000E+00,  2.7064755E+02,2733,  3.6921052E-04,  0.0000000E+00, -3.3763245E-05,  1.0002715E+03,  1.6158690E+04,3,
 -3.3315735E+02,  0.0000000E+00,  2.7076578E+02,2724,  3.5274783E-04,  0.0000000E+00, -8.5910222E-05,  1.0003018E+03,  1.7961785E+04,3,
 -3.2935480E+02,  0.0000000E+00,  2.6716815E+02,2725,  3.9196861E-04,  0.0000000E+00,  3.9617800E-05,  1.0019634E+03,  1.1742834E+05,3,
 -3.3175754E+02,  0.0000000E+00,  2.7048380E+02,2729,  2.6226527E-04,  0.0000000E+00,  5.4371638E-05,  1.0003201E+03,  1.9052525E+04,3,
 -3.2878806E+02,  0.0000000E+00,  2.7287015E+02,2731,  3.8538268E-04,  0.0000000E+00, -1.6927223E-04,  1.0005135E+03,  3.0578059E+04,3,
 -3.2482053E+02,  0.0000000E+00,  2.7291110E+02,2727,  3.8056634E-04,  0.0000000E+00, -1.3447419E-04,  1.0005096E+03,  3.0345088E+04,3,
 -3.2421567E+02,  0.0000000E+00,  2.6758038E+02,2716,  5.9094286E-04,  0.0000000E+00, -2.1242842E-04,  1.0013361E+03,  7.9758469E+04,3,
 -3.2251086E+02,  0.0000000E+00,  2.7090350E+02,2730,  5.0979276E-04,  0.0000000E+00, -4.6841866E-05,  1.0003324E+03,  1.9783389E+04,3,
 -3.1912772E+02,  0.0000000E+00,  2.7103720E+02,2726,  2.9663410E-04,  0.0000000E+00, -4.4037737E-05,  1.0002510E+03,  1.4933791E+04,3,
 -3.2105731E+02,  0.0000000E+00,  2.7046097E+02,2712,  4.2609381E-04,  0.0000000E+00, -6.5653803E-05,  1.0002914E+03,  1.7343752E+04,3,
 -3.1673596E+02,  0.0000000E+00,  2.6686383E+02,2708,  7.4867014E-04,  0.0000000E+00,  9.5214295E-05,  1.0022230E+03,  1.3305744E+05,3,
 -3.1632541E+02,  0.0000000E+00,  2.7339224E+02,2723,  4.0765220E-04,  0.0000000E+00, -7.4382391E-05,  1.0005447E+03,  3.2438385E+04,3,
 -3.1314117E+02,  0.0000000E+00,  2.7155038E+02,2722,  6.8457646E-04,  0.0000000E+00,  2.6959879E-05,  1.0002991E+03,  1.7801820E+04,3,
 -3.1194772E+02,  0.0000000E+00,  2.7094577E+02,2721,  4.4817754E-04,  0.0000000E+00,  1.4515316E-04,  1.0000952E+03,  5.6592651E+03,3,
 -3.1192975E+02,  0.0000000E+00,  2.7094592E+02,2717,  3.9426712E-04,  0.0000000E+00, -7.4730058E-05,  1.0000926E+03,  5.5067603E+03,3,
 -3.0895316E+02,  0.0000000E+00,  2.6694025E+02,2713,  4.5024892E-04,  0.0000000E+00,  4.9462440E-05,  1.0038605E+03,  2.3221134E+05,3,
 -3.0683395E+02,  0.0000000E+00,  2.7332880E+02,2719,  7.3958124E-04,  0.0000000E+00,  8.0690508E-05,  1.0005599E+03,  3.3348652E+04,3,
 -3.0480508E+02,  0.0000000E+00,  2.7019641E+02,2704,  4.3740869E-04,  0.0000000E+00,  1.4051622E-04,  9.9916235E+02, -4.9679758E+04,3,
 -3.0483292E+02,  0.0000000E+00,  2.7112933E+02,2718,  4.4658250E-04,  0.0000000E+00,  4.3071468E-05,  1.0001667E+03,  9.9194570E+03,3,
 -3.0164145E+02,  0.0000000E+00,  2.6711115E+02,2700,  2.9014196E-04,  0.0000000E+00,  2.2337101E-05,  1.0040131E+03,  2.4150033E+05,3,
 -3.0141556E+02,  0.0000000E+00,  2.7335303E+02,2715,  6.5673003E-04,  0.0000000E+00,  3.4327102E-05,  1.0005699E+03,  3.3945832E+04,3,
 -2.9799963E+02,  0.0000000E+00,  2.7095206E+02,2714,  5.7288859E-04,  0.0000000E+00, -5.5250308E-05,  9.9987238E+02, -7.5853862E+03,3,
 -2.9799954E+02,  0.0000000E+00,  2.7095300E+02,2710,  5.7433668E-04,  0.0000000E+00, -3.9092458E-05,  9.9987299E+02, -7.5491240E+03,3,
 -2.9500333E+02,  0.0000000E+00,  2.7311575E+02,2711,  5.5739627E-04,  0.0000000E+00, -3.0040315E-05,  1.0004790E+03,  2.8521547E+04,3,
 -2.9458640E+02,  0.0000000E+00,  2.6694180E+02,2696,  2.0947195E-04,  0.0000000E+00, -6.3107922E-07,  1.0031438E+03,  1.8869603E+05,3,
 -2.9089203E+02,  0.0000000E+00,  2.7063345E+02,2709,  6.2868797E-04,  0.0000000E+00, -1.1799679E-04,  1.0001788E+03,  1.0635116E+04,3,
 -2.9087073E+02,  0.0000000E+00,  2.7063416E+02,2705,  6.2006782E-04,  0.0000000E+00, -1.1100063E-04,  1.0001805E+03,  1.0740472E+04,3,
 -2.8601395E+02,  0.0000000E+00,  2.6659396E+02,2701,  5.1375740E-04,  0.0000000E+00,  4.4343018E-05,  1.0031551E+03,  1.8938019E+05,3,
 -2.8623245E+02,  0.0000000E+00,  2.7288571E+02,2707,  5.5334327E-04,  0.0000000E+00, -1.2599428E-04,  1.0004676E+03,  2.7840990E+04,3,
 -2.8912930E+02,  0.0000000E+00,  2.7106595E+02,2706,  4.9117976E-04,  0.0000000E+00, -2.2506980E-04,  1.0002969E+03,  1.7670941E+04,3,
 -2.8279416E+02,  0.0000000E+00,  2.7033759E+02,2688,  8.4387703E-04,  0.0000000E+00, -1.5927393E-04,  1.0002971E+03,  1.7681848E+04,3,
 -2.8158810E+02,  0.0000000E+00,  2.7071948E+02,2692,  7.8727730E-04,  0.0000000E+00, -8.2203413E-05,  1.0003541E+03,  2.1077984E+04,3,
 -2.7493222E+02,  0.0000000E+00,  2.7253134E+02,2703,  1.3368262E-03,  0.0000000E+00, -3.0955399E-04,  1.0004949E+03,  2.9467854E+04,3,
 -2.7694684E+02,  0.0000000E+00,  2.6731277E+02,2684,  7.1788713E-04,  0.0000000E+00,  1.1615673E-05,  1.0014243E+03,  8.5045984E+04,3,
 -2.7979822E+02,  0.0000000E+00,  2.7130035E+02,2702,  7.0910307E-04,  0.0000000E+00, -7.4058662E-05,  1.0003284E+03,  1.9547033E+04,3,
 -2.7166702E+02,  0.0000000E+00,  2.7249899E+02,2699,  1.2902098E-03,  0.0000000E+00, -2.4750523E-05,  1.0004870E+03,  2.8998328E+04,3,
 -2.7806543E+02,  0.0000000E+00,  2.7088400E+02,2698,  2.7383867E-04,  0.0000000E+00, -8.1219905E-06,  1.0002949E+03,  1.7550971E+04,3,
 -2.7106192E+02,  0.0000000E+00,  2.6712997E+02,2680,  6.0220761E-04,  0.0000000E+00,  7.7154284E-05,  1.0015734E+03,  9.3991727E+04,3,
 -2.6903323E+02,  0.0000000E+00,  2.7010028E+02,2697,  7.9678599E-04,  0.0000000E+00, -3.1896310E-05,  1.0004009E+03,  2.3867758E+04,3,
 -2.6732993E+02,  0.0000000E+00,  2.7062909E+02,2693,  9.2415127E-04,  0.0000000E+00, -2.0112019E-04,  1.0004203E+03,  2.5024635E+04,3,
 -2.6544492E+02,  0.0000000E+00,  2.7062012E+02,2689,  1.0892351E-03,  0.0000000E+00, -9.3820156E-05,  1.0004024E+03,  2.3955064E+04,3,
 -2.6090527E+02,  0.0000000E+00,  2.7247830E+02,2695,  7.7352097E-04,  0.0000000E+00, -2.0806723E-04,  1.0004348E+03,  2.5883283E+04,3,
 -2.6382162E+02,  0.0000000E+00,  2.7076419E+02,2694,  1.1442540E-03,  0.0000000E+00, -4.7209101E-05,  1.0002960E+03,  1.7612773E+04,3,
 -2.6170346E+02,  0.0000000E+00,  2.6743585E+02,2676,  9.9369010E-04,  0.0000000E+00,  8.0679825E-07,  1.0013327E+03,  7.9557273E+04,3,
 -2.5702161E+02,  0.0000000E+00,  2.7263638E+02,2691,  1.0265716E-03,  0.0000000E+00, -2.6464765E-04,  1.0004738E+03,  2.8212197E+04,3,
 -2.5692154E+02,  0.0000000E+00,  2.6758286E+02,2672,  1.2923146E-03,  0.0000000E+00,  1.0401934E-04,  1.0014853E+03,  8.8706805E+04,3,
 -2.5281715E+02,  0.0000000E+00,  2.7106729E+02,2690,  1.1927391E-03,  0.0000000E+00, -2.0008392E-04,  1.0002594E+03,  1.5435363E+04,3,
 -2.5424126E+02,  0.0000000E+00,  2.7025540E+02,2685,  1.5334837E-03,  0.0000000E+00, -1.5433646E-06,  1.0002798E+03,  1.6653055E+04,3,
 -2.5202026E+02,  0.0000000E+00,  2.7092194E+02,2686,  8.1851147E-04,  0.0000000E+00, -1.1454875E-04,  1.0002097E+03,  1.2473544E+04,3,
 -2.4872215E+02,  0.0000000E+00,  2.6670804E+02,2668,  1.4651160E-03,  0.0000000E+00, -1.6503816E-05,  1.0027723E+03,  1.6621488E+05,3,
 -2.4814427E+02,  0.0000000E+00,  2.7264413E+02,2687,  1.4326614E-03,  0.0000000E+00, -2.8287939E-04,  1.0004045E+03,  2.4082389E+04,3,
 -2.4415475E+02,  0.0000000E+00,  2.7039142E+02,2681,  1.5062348E-03,  0.0000000E+00, -4.8563092E-05,  1.0003170E+03,  1.8863455E+04,3,
 -2.4473297E+02,  0.0000000E+00,  2.7028485E+02,2664,  1.7369214E-03,  0.0000000E+00, -1.3503680E-04,  1.0002755E+03,  1.6391330E+04,3,
 -2.4257285E+02,  0.0000000E+00,  2.7081747E+02,2682,  1.1738327E-03,  0.0000000E+00, -2.8692761E-05,  1.0003396E+03,  2.0212479E+04,3,
 -2.3969446E+02,  0.0000000E+00,  2.7246716E+02,2683,  1.5336667E-03,  0.0000000E+00, -1.2647925E-04,  1.0004594E+03,  2.7349707E+04,3,
 -2.3999922E+02,  0.0000000E+00,  2.6726053E+02,2660,  1.8879381E-03,  0.0000000E+00,  1.1612999E-04,  1.0014973E+03,  8.9428141E+04,3,
 -2.3507744E+02,  0.0000000E+00,  2.6777728E+02,2656,  1.2803581E-03,  0.0000000E+00,  1.7206019E-04,  1.0012709E+03,  7.5855922E+04,3,
 -2.3564868E+02,  0.0000000E+00,  2.7244995E+02,2679,  1.7710583E-03,  0.0000000E+00,  1.0251220E-05,  1.0004891E+03,  2.9122078E+04,3,
 -2.3274384E+02,  0.0000000E+00,  2.7080328E+02,2678,  1.7144748E-03,  0.0000000E+00,  9.8291057E-05,  1.0003924E+03,  2.3358484E+04,3,
 -2.3098941E+02,  0.0000000E+00,  2.7036459E+02,2673,  1.7156855E-03,  0.0000000E+00,  5.6307515E-05,  1.0003159E+03,  1.8801645E+04,3,
 -2.3045197E+02,  0.0000000E+00,  2.7025339E+02,2677,  1.4244714E-03,  0.0000000E+00,  5.7580237E-05,  1.0002593E+03,  1.5431729E+04,3,
 -2.2627922E+02,  0.0000000E+00,  2.6686087E+02,2652,  1.1075437E-03,  0.0000000E+00,  1.5322529E-04,  1.0016466E+03,  9.8388789E+04,3,
 -2.2690454E+02,  0.0000000E+00,  2.7265649E+02,2675,  2.2529240E-03,  0.0000000E+00, -2.9835585E-04,  1.0004543E+03,  2.7051311E+04,3,
 -2.2338744E+02,  0.0000000E+00,  2.7094064E+02,2674,  1.9565208E-03,  0.0000000E+00, -1.8252617E-04,  1.0002219E+03,  1.3203923E+04,3,
 -2.2111499E+02,  0.0000000E+00,  2.7016602E+02,2661,  1.6570326E-03,  0.0000000E+00, -1.3909097E-04,  1.0001879E+03,  1.1180069E+04,3,
 -2.2217509E+02,  0.0000000E+00,  2.7109479E+02,2670,  1.8525069E-03,  0.0000000E+00, -1.6113711E-04,  1.0003067E+03,  1.8252637E+04,3,
 -2.1753307E+02,  0.0000000E+00,  2.6703668E+02,2648,  1.4417020E-03,  0.0000000E+00,  1.2842333E-04,  1.0014545E+03,  8.6857922E+04,3,
 -2.1870172E+02,  0.0000000E+00,  2.7268552E+02,2671,  2.5106457E-03,  0.0000000E+00, -4.5811362E-04,  1.0005371E+03,  3.1986924E+04,3,
 -2.1400011E+02,  0.0000000E+00,  2.6945535E+02,2665,  2.0419336E-03,  0.0000000E+00, -2.9991192E-04,  1.0005267E+03,  3.1364377E+04,3,
 -2.1149165E+02,  0.0000000E+00,  2.6997357E+02,2669,  2.2942061E-03,  0.0000000E+00, -3.3692097E-05,  1.0004502E+03,  2.6803867E+04,3,
 -2.1361305E+02,  0.0000000E+00,  2.7264563E+02,2667,  2.5473316E-03,  0.0000000E+00, -2.3075950E-04,  1.0004887E+03,  2.9100238E+04,3,
 -2.1056047E+02,  0.0000000E+00,  2.6978546E+02,2640,  2.0260196E-03,  0.0000000E+00,  6.6739092E-05,  1.0003702E+03,  2.2034494E+04,3,
 -2.0363588E+02,  0.0000000E+00,  2.7109122E+02,2666,  2.1376014E-03,  0.0000000E+00, -8.8181361E-05,  1.0002957E+03,  1.7598232E+04,3,
 -2.0234964E+02,  0.0000000E+00,  2.7088239E+02,2644,  2.4282637E-03,  0.0000000E+00,  1.0774619E-04,  1.0003250E+03,  1.9339773E+04,3,
 -2.0720349E+02,  0.0000000E+00,  2.7250784E+02,2663,  2.3262408E-03,  0.0000000E+00,  2.2787792E-05,  1.0004407E+03,  2.6239863E+04,3,
 -2.0652644E+02,  0.0000000E+00,  2.6695139E+02,2653,  1.9391261E-03,  0.0000000E+00,  1.5546006E-05,  1.0015123E+03,  9.0328977E+04,3,
 -2.0098668E+02,  0.0000000E+00,  2.7087427E+02,2657,  2.3997414E-03,  0.0000000E+00, -2.8908376E-05,  1.0003055E+03,  1.8179924E+04,3,
 -1.9937288E+02,  0.0000000E+00,  2.7099954E+02,2662,  2.0012383E-03,  0.0000000E+00, -4.8398691E-05,  1.0002410E+03,  1.4337752E+04,3,
 -1.9285219E+02,  0.0000000E+00,  2.7058847E+02,2658,  2.9916537E-03,  0.0000000E+00, -4.4532010E-04,  1.0003263E+03,  1.9419768E+04,3,
 -1.9754735E+02,  0.0000000E+00,  2.6687875E+02,2636,  1.7473006E-03,  0.0000000E+00,  1.5042744E-04,  1.0017715E+03,  1.0589391E+05,3,
 -1.9523145E+02,  0.0000000E+00,  2.7264587E+02,2659,  2.6315043E-03,  0.0000000E+00, -5.8113423E-04,  1.0004694E+03,  2.7946527E+04,3,
 -1.9191472E+02,  0.0000000E+00,  2.6988342E+02,2632,  2.7535027E-03,  0.0000000E+00, -2.2386886E-04,  1.0004078E+03,  2.4275195E+04,3,
 -1.9071521E+02,  0.0000000E+00,  2.7040488E+02,2654,  2.5313247E-03,  0.0000000E+00, -2.9153627E-04,  1.0002629E+03,  1.5642542E+04,3,
 -1.8744283E+02,  0.0000000E+00,  2.6719229E+02,2628,  2.3065456E-03,  0.0000000E+00,  3.5922078E-04,  1.0021715E+03,  1.2995761E+05,3,
 -1.8645021E+02,  0.0000000E+00,  2.7229739E+02,2655,  3.6232378E-03,  0.0000000E+00, -1.1908416E-04,  1.0003896E+03,  2.3191156E+04,3,
 -1.8307948E+02,  0.0000000E+00,  2.7020984E+02,2649,  3.3351423E-03,  0.0000000E+00,  4.2928750E-06,  1.0002770E+03,  1.6482205E+04,3,
 -1.8252054E+02,  0.0000000E+00,  2.7031735E+02,2645,  2.9087244E-03,  0.0000000E+00, -1.4841126E-04,  1.0002832E+03,  1.6852988E+04,3,
 -1.8150523E+02,  0.0000000E+00,  2.7085675E+02,2650,  2.6826824E-03,  0.0000000E+00, -1.6471979E-04,  1.0002715E+03,  1.6158690E+04,3,
 -1.7768706E+02,  0.0000000E+00,  2.6763965E+02,2624,  2.9286381E-03,  0.0000000E+00, -8.7353626E-05,  1.0014299E+03,  8.5386391E+04,3,
 -1.7782742E+02,  0.0000000E+00,  2.7240927E+02,2651,  3.5082418E-03,  0.0000000E+00, -5.1962404E-04,  1.0003920E+03,  2.3336658E+04,3,
 -1.7405315E+02,  0.0000000E+00,  2.7055661E+02,2646,  3.3264495E-03,  0.0000000E+00, -4.0872203E-04,  1.0002646E+03,  1.5747950E+04,3,
 -1.7294742E+02,  0.0000000E+00,  2.7006445E+02,2620,  2.9966342E-03,  0.0000000E+00, -4.2446732E-04,  1.0003842E+03,  2.2867424E+04,3,
 -1.7179968E+02,  0.0000000E+00,  2.6983456E+02,2641,  3.6556059E-03,  0.0000000E+00, -5.5906334E-04,  1.0004418E+03,  2.6301721E+04,3,
 -1.6911032E+02,  0.0000000E+00,  2.7193875E+02,2647,  3.3111302E-03,  0.0000000E+00, -2.1835366E-04,  1.0002754E+03,  1.6387695E+04,3,
 -1.6787613E+02,  0.0000000E+00,  2.6747177E+02,2616,  4.1836104E-03,  0.0000000E+00,  3.8543146E-04,  1.0023869E+03,  1.4294058E+05,3,
 -1.6402716E+02,  0.0000000E+00,  2.7028992E+02,2642,  3.8289020E-03,  0.0000000E+00,  4.4818462E-05,  1.0003008E+03,  1.7899980E+04,3,
 -1.6327417E+02,  0.0000000E+00,  2.6996793E+02,2637,  3.4584622E-03,  0.0000000E+00,  7.9851707E-06,  1.0004565E+03,  2.7182312E+04,3,
 -1.6153749E+02,  0.0000000E+00,  2.7012735E+02,2633,  3.3539629E-03,  0.0000000E+00, -9.7940552E-05,  1.0004546E+03,  2.7065867E+04,3,
 -1.5986473E+02,  0.0000000E+00,  2.6976715E+02,2612,  3.8019845E-03,  0.0000000E+00, -4.6781398E-04,  1.0005290E+03,  3.1502717E+04,3,
 -1.5699133E+02,  0.0000000E+00,  2.7200073E+02,2643,  3.7415996E-03,  0.0000000E+00, -1.9644728E-04,  1.0003192E+03,  1.8994350E+04,3,
 -1.5614908E+02,  0.0000000E+00,  2.6753323E+02,2608,  4.0810197E-03,  0.0000000E+00,  2.5023049E-04,  1.0018763E+03,  1.1218977E+05,3,
 -1.5251913E+02,  0.0000000E+00,  2.6982263E+02,2638,  3.7121128E-03,  0.0000000E+00, -2.7288060E-04,  1.0003992E+03,  2.3762264E+04,3,
 -1.5023283E+02,  0.0000000E+00,  2.6924777E+02,2604,  3.9364905E-03,  0.0000000E+00, -7.8469500E-05,  1.0006809E+03,  4.0568195E+04,3,
 -1.4786626E+02,  0.0000000E+00,  2.6903601E+02,2629,  4.3669618E-03,  0.0000000E+00, -3.2517524E-05,  1.0007762E+03,  4.6257914E+04,3,
 -1.5192744E+02,  0.0000000E+00,  2.7212619E+02,2639,  4.2320695E-03,  0.0000000E+00, -2.1746181E-04,  1.0003345E+03,  1.9907023E+04,3,
 -1.4334349E+02,  0.0000000E+00,  2.7191653E+02,2635,  4.2763464E-03,  0.0000000E+00,  2.8407591E-04,  1.0002699E+03,  1.6060548E+04,3,
 -1.4523752E+02,  0.0000000E+00,  2.6895328E+02,2600,  3.8952252E-03,  0.0000000E+00,  1.6184282E-04,  1.0009945E+03,  5.9308043E+04,3,
 -1.4218747E+02,  0.0000000E+00,  2.6975537E+02,2634,  4.1333325E-03,  0.0000000E+00,  4.1052976E-04,  1.0005001E+03,  2.9780883E+04,3,
 -1.3969272E+02,  0.0000000E+00,  2.6881436E+02,2625,  3.5988598E-03,  0.0000000E+00,  1.7835930E-04,  1.0010806E+03,  6.4460559E+04,3,
 -1.3737312E+02,  0.0000000E+00,  2.6955481E+02,2630,  3.5966195E-03,  0.0000000E+00, -9.8697143E-05,  1.0005428E+03,  3.2329158E+04,3,
 -1.3532765E+02,  0.0000000E+00,  2.6959271E+02,2626,  4.3513780E-03,  0.0000000E+00, -2.5812312E-04,  1.0006520E+03,  3.8844793E+04,3,
 -1.3297568E+02,  0.0000000E+00,  2.7197644E+02,2631,  3.6326719E-03,  0.0000000E+00, -2.8213479E-05,  1.0003467E+03,  2.0637949E+04,3,
 -1.3208437E+02,  0.0000000E+00,  2.6874210E+02,2596,  4.3224897E-03,  0.0000000E+00,  9.5511590E-05,  1.0012956E+03,  7.7333367E+04,3,
 -1.2745794E+02,  0.0000000E+00,  2.7228595E+02,2627,  5.0423909E-03,  0.0000000E+00,  1.7455334E-04,  1.0004460E+03,  2.6556430E+04,3,
 -1.2891977E+02,  0.0000000E+00,  2.6910471E+02,2621,  3.4059323E-03,  0.0000000E+00, -6.9344263E-05,  1.0005688E+03,  3.3876645E+04,3,
 -1.2622614E+02,  0.0000000E+00,  2.6930255E+02,2617,  3.4997242E-03,  0.0000000E+00,  2.1207276E-04,  1.0004612E+03,  2.7462518E+04,3,
 -1.2348716E+02,  0.0000000E+00,  2.6916193E+02,2613,  3.9127753E-03,  0.0000000E+00,  3.6296409E-04,  1.0006716E+03,  4.0010699E+04,3,
 -1.2161079E+02,  0.0000000E+00,  2.7211551E+02,2623,  4.5897784E-03,  0.0000000E+00,  2.5086751E-04,  1.0003982E+03,  2.3704061E+04,3,
 -1.2026411E+02,  0.0000000E+00,  2.6909167E+02,2605,  3.1632101E-03,  0.0000000E+00,  1.7604434E-04,  1.0011693E+03,  6.9769227E+04,3,
 -1.1766906E+02,  0.0000000E+00,  2.6992172E+02,2622,  3.2342258E-03,  0.0000000E+00, -2.8391348E-04,  1.0004723E+03,  2.8121213E+04,3,
 -1.1586572E+02,  0.0000000E+00,  2.6931232E+02,2588,  4.3524369E-03,  0.0000000E+00, -6.4386457E-04,  1.0006656E+03,  3.9653625E+04,3,
 -1.1367255E+02,  0.0000000E+00,  2.6999957E+02,2618,  3.8660900E-03,  0.0000000E+00, -3.6468721E-04,  1.0003640E+03,  2.1667154E+04,3,
 -1.1140979E+02,  0.0000000E+00,  2.6927362E+02,2609,  4.7822073E-03,  0.0000000E+00, -2.0471089E-04,  1.0007821E+03,  4.6611578E+04,3,
 -1.0820788E+02,  0.0000000E+00,  2.6894714E+02,2592,  4.5576384E-03,  0.0000000E+00,  1.1360031E-04,  1.0009871E+03,  5.8862664E+04,3,
 -1.0981593E+02,  0.0000000E+00,  2.7187741E+02,2619,  2.6589062E-03,  0.0000000E+00,  7.4106261E-05,  1.0002648E+03,  1.5755220E+04,3,
 -1.0553497E+02,  0.0000000E+00,  2.6902829E+02,2584,  4.3732016E-03,  0.0000000E+00,  4.7503426E-04,  1.0007742E+03,  4.6141242E+04,3,
 -1.0308882E+02,  0.0000000E+00,  2.6953949E+02,2576,  3.8592243E-03,  0.0000000E+00,  3.8588795E-04,  1.0005663E+03,  3.3730988E+04,3,
 -1.0161618E+02,  0.0000000E+00,  2.7024313E+02,2614,  3.8730896E-03,  0.0000000E+00,  4.3411183E-05,  1.0003648E+03,  2.1714436E+04,3,
 -9.9550407E+01,  0.0000000E+00,  2.6973682E+02,2580,  3.9543896E-03,  0.0000000E+00, -3.5198816E-05,  1.0006147E+03,  3.6619020E+04,3,
 -9.7999344E+01,  0.0000000E+00,  2.7005246E+02,2610,  3.7780642E-03,  0.0000000E+00, -1.2635246E-04,  1.0004324E+03,  2.5745021E+04,3,
 -9.5039795E+01,  0.0000000E+00,  2.6835315E+02,2572,  4.0189698E-03,  0.0000000E+00, -1.3961863E-04,  1.0015132E+03,  9.0383906E+04,3,
 -9.3795769E+01,  0.0000000E+00,  2.7193121E+02,2615,  4.4099553E-03,  0.0000000E+00, -1.7113765E-04,  1.0003145E+03,  1.8718020E+04,3,
 -9.1374954E+01,  0.0000000E+00,  2.6977332E+02,2606,  4.0804134E-03,  0.0000000E+00, -6.1922459E-05,  1.0004250E+03,  2.5304779E+04,3,
 -8.9417793E+01,  0.0000000E+00,  2.6911002E+02,2601,  3.7682322E-03,  0.0000000E+00, -8.0065292E-05,  1.0007821E+03,  4.6611578E+04,3,
 -8.6259399E+01,  0.0000000E+00,  2.6894345E+02,2597,  3.7576973E-03,  0.0000000E+00, -2.9131930E-04,  1.0009108E+03,  5.4300496E+04,3,
 -8.7303200E+01,  0.0000000E+00,  2.7190448E+02,2611,  4.2774887E-03,  0.0000000E+00, -1.0428212E-04,  1.0003062E+03,  1.8219916E+04,3,
 -8.3387398E+01,  0.0000000E+00,  2.6875729E+02,2568,  4.4922060E-03,  0.0000000E+00,  1.2020856E-04,  1.0009904E+03,  5.9059797E+04,3,
 -8.1107666E+01,  0.0000000E+00,  2.6977539E+02,2602,  4.1859662E-03,  0.0000000E+00,  3.9911738E-05,  1.0004827E+03,  2.8743557E+04,3,
 -7.9311272E+01,  0.0000000E+00,  2.7200583E+02,2607,  3.5967061E-03,  0.0000000E+00, -2.5322396E-04,  1.0003238E+03,  1.9270688E+04,3,
 -7.8242538E+01,  0.0000000E+00,  2.6900919E+02,2593,  4.0831198E-03,  0.0000000E+00, -1.4411392E-04,  1.0008783E+03,  5.2359469E+04,3,
 -7.5237045E+01,  0.0000000E+00,  2.6886325E+02,2585,  4.3642363E-03,  0.0000000E+00, -3.6084279E-04,  1.0008322E+03,  4.9601816E+04,3,
 -7.1941612E+01,  0.0000000E+00,  2.6906442E+02,2564,  4.3178154E-03,  0.0000000E+00,  1.9757448E-04,  1.0007982E+03,  4.7570543E+04,3,
 -7.3542389E+01,  0.0000000E+00,  2.7187012E+02,2603,  4.5801862E-03,  0.0000000E+00, -6.8427769E-05,  1.0003178E+03,  1.8914359E+04,3,
 -6.9416290E+01,  0.0000000E+00,  2.6927710E+02,2556,  3.8810149E-03,  0.0000000E+00,  2.7647460E-04,  1.0007576E+03,  4.5145957E+04,3,
 -6.7627983E+01,  0.0000000E+00,  2.6999927E+02,2598,  4.2835097E-03,  0.0000000E+00,  1.9292587E-04,  1.0004833E+03,  2.8779953E+04,3,
 -6.4818398E+01,  0.0000000E+00,  2.6901913E+02,2589,  4.6158321E-03,  0.0000000E+00,  9.2940405E-05,  1.0008633E+03,  5.1465703E+04,3,
 -6.4742981E+01,  0.0000000E+00,  2.7204108E+02,2599,  3.3919832E-03,  0.0000000E+00,  1.5650256E-04,  1.0003593E+03,  2.1387113E+04,3,
 -6.1399437E+01,  0.0000000E+00,  2.6887863E+02,2560,  3.9432454E-03,  0.0000000E+00, -3.3827365E-04,  1.0007783E+03,  4.6381875E+04,3,
 -5.9451302E+01,  0.0000000E+00,  2.6996176E+02,2594,  3.7560714E-03,  0.0000000E+00, -1.6382722E-04,  1.0005987E+03,  3.5661105E+04,3,
 -5.6297234E+01,  0.0000000E+00,  2.6900040E+02,2577,  4.0719952E-03,  0.0000000E+00,  6.7738211E-04,  1.0008740E+03,  5.2104098E+04,3,
 -5.3474514E+01,  0.0000000E+00,  2.6894513E+02,2581,  3.8286760E-03,  0.0000000E+00,  1.9525853E-04,  1.0005524E+03,  3.2900789E+04,3,
 -5.7661686E+01,  0.0000000E+00,  2.7217654E+02,2595,  4.8944470E-03,  0.0000000E+00,  2.1041775E-04,  1.0004401E+03,  2.6199838E+04,3,
 -5.1951801E+01,  0.0000000E+00,  2.7233453E+02,2591,  3.7250677E-03,  0.0000000E+00,  5.8519287E-04,  1.0004786E+03,  2.8499711E+04,3,
 -5.0339523E+01,  0.0000000E+00,  2.7017130E+02,2590,  3.2622803E-03,  0.0000000E+00,  3.8751110E-04,  1.0005476E+03,  3.2613150E+04,3,
 -4.8150192E+01,  0.0000000E+00,  2.6910599E+02,2552,  4.1719698E-03,  0.0000000E+00, -6.4654090E-04,  1.0005397E+03,  3.2139836E+04,3,
 -4.2608295E+01,  0.0000000E+00,  2.6883087E+02,2548,  2.4815653E-03,  0.0000000E+00,  2.1560027E-04,  1.0003967E+03,  2.3616756E+04,3,
 -4.5850613E+01,  0.0000000E+00,  2.7021283E+02,2586,  3.3402964E-03,  0.0000000E+00,  1.4995994E-03,  1.0005796E+03,  3.4521199E+04,3,
 -4.0502697E+01,  0.0000000E+00,  2.7041977E+02,2582,  1.9187108E-03,  0.0000000E+00,  8.8969339E-04,  1.0005662E+03,  3.3723707E+04,3,
 -4.4243866E+01,  0.0000000E+00,  2.7247882E+02,2587,  3.7268328E-03,  0.0000000E+00,  1.1301471E-03,  1.0005142E+03,  3.0621742E+04,3,
 -3.7793446E+01,  0.0000000E+00,  2.6964810E+02,2569,  2.5132766E-03,  0.0000000E+00,  8.3375111E-04,  1.0002897E+03,  1.7241963E+04,3,
 -3.7450050E+01,  0.0000000E+00,  2.7283481E+02,2583,  3.8403107E-03,  0.0000000E+00, -1.0173771E-04,  1.0006140E+03,  3.6571668E+04,3,
 -3.4692074E+01,  0.0000000E+00,  2.6992459E+02,2573,  2.7938711E-03,  0.0000000E+00, -1.1857016E-03,  1.0003293E+03,  1.9601576E+04,3,
 -3.2979259E+01,  0.0000000E+00,  2.6947647E+02,2540,  2.2424236E-03,  0.0000000E+00, -1.1751018E-03,  1.0000910E+03,  5.4123535E+03,3,
 -2.9337076E+01,  0.0000000E+00,  2.6930420E+02,2578,  4.0218420E-03,  0.0000000E+00,  1.3444161E-04,  1.0007423E+03,  4.4234609E+04,3,
 -2.6369114E+01,  0.0000000E+00,  2.6918430E+02,2574,  4.2153429E-03,  0.0000000E+00, -1.2486994E-03,  1.0006435E+03,  3.8334750E+04,3,
 -3.1741131E+01,  0.0000000E+00,  2.7265353E+02,2579,  2.7238000E-03,  0.0000000E+00, -1.1892358E-03,  1.0006352E+03,  3.7839309E+04,3,
 -2.6529655E+01,  0.0000000E+00,  2.7254150E+02,2575,  3.5828522E-03,  0.0000000E+00, -1.5825586E-04,  1.0006438E+03,  3.8352965E+04,3,
 -2.2372459E+01,  0.0000000E+00,  2.7006317E+02,2544,  2.3241364E-03,  0.0000000E+00,  1.8209170E-03,  1.0001341E+03,  7.9761758E+03,3,
 -2.2033924E+01,  0.0000000E+00,  2.7017551E+02,2557,  3.3404131E-03,  0.0000000E+00,  1.9557530E-03,  1.0002120E+03,  1.2615255E+04,3,
 -1.8172506E+01,  0.0000000E+00,  2.7076941E+02,2565,  3.2597291E-03,  0.0000000E+00, -1.0524754E-03,  1.0002075E+03,  1.2342735E+04,3,
 -1.6199516E+01,  0.0000000E+00,  2.7098535E+02,2532,  2.8391785E-03,  0.0000000E+00, -1.2531830E-03,  1.0001814E+03,  1.0791333E+04,3,
 -2.0235527E+01,  0.0000000E+00,  2.7354929E+02,2571,  4.5004352E-03,  0.0000000E+00,  2.6875493E-04,  1.0007479E+03,  4.4569977E+04,3,
 -1.4814203E+01,  0.0000000E+00,  2.7093359E+02,2561,  3.9326954E-03,  0.0000000E+00, -3.8783942E-04,  1.0000569E+03,  3.3864587E+03,3,
 -1.2631232E+01,  0.0000000E+00,  2.7105499E+02,2536,  4.0432089E-03,  0.0000000E+00, -1.5134951E-03,  1.0004340E+03,  2.5835982E+04,3,
 -1.0383227E+01,  0.0000000E+00,  2.7265662E+02,2570,  4.1907574E-03,  0.0000000E+00,  1.0926838E-03,  1.0008316E+03,  4.9568992E+04,3,
 -3.3386583E+00,  0.0000000E+00,  2.7265146E+02,2567,  4.3251361E-03,  0.0000000E+00,  2.0452931E-03,  9.9984088E+02, -9.4563525E+03,3,
 -2.1589047E-01,  0.0000000E+00,  2.7323792E+02,2563,  2.2226551E-03,  0.0000000E+00, -4.3341019E-03,  1.0010980E+03,  6.5501609E+04,3,
 -7.8941083E+00,  0.0000000E+00,  2.7189081E+02,2528,  2.6973509E-03,  0.0000000E+00,  2.0436249E-03,  9.9992889E+02, -4.2269121E+03,3,
 -7.8967190E+00,  0.0000000E+00,  2.7189005E+02,2524,  2.7272021E-03,  0.0000000E+00,  2.0782289E-03,  9.9992834E+02, -4.2595596E+03,3,
 -7.0665979E+00,  0.0000000E+00,  2.7211053E+02,2566,  2.6373358E-03,  0.0000000E+00,  2.2128797E-03,  1.0000176E+03,  1.0452142E+03,3,
  3.6898108E+00,  0.0000000E+00,  2.7332327E+02,2520,  2.7355240E-03,  0.0000000E+00, -1.3952173E-02,  9.9928833E+02, -4.2224195E+04,3,
  3.7209017E+00,  0.0000000E+00,  2.7332739E+02,2545,  4.0371302E-03,  0.0000000E+00, -6.6250684E-03,  9.9924109E+02, -4.5020691E+04,3,
  3.7244592E+00,  0.0000000E+00,  2.7332162E+02,2549,  5.3164507E-03,  0.0000000E+00,  1.1429783E-03,  9.9922925E+02, -4.5721496E+04,3,
  8.7253027E+00,  0.0000000E+00,  2.7400534E+02,2508,  4.9612550E-03,  0.0000000E+00, -7.6471893E-03,  1.0008838E+03,  5.2687812E+04,3,
  8.8736296E+00,  0.0000000E+00,  2.7366714E+02,2553,  4.5873174E-03,  0.0000000E+00, -6.6287559E-03,  1.0006638E+03,  3.9547965E+04,3,
  9.3435659E+00,  0.0000000E+00,  2.7355945E+02,2558,  4.8432299E-03,  0.0000000E+00, -6.2178471E-03,  1.0002328E+03,  1.3854405E+04,3,
  9.3446512E+00,  0.0000000E+00,  2.7356003E+02,2562,  4.7780899E-03,  0.0000000E+00, -5.6951600E-03,  1.0002326E+03,  1.3839868E+04,3,
  3.0995770E+01,  0.0000000E+00,  2.6998517E+02,2559,  3.6051890E-01,  0.0000000E+00, -2.2027618E-01,  1.0003418E+03,  2.0343391E+04,3,
  3.3058823E+01,  0.0000000E+00,  2.6991080E+02,2554,  3.8622442E-01,  0.0000000E+00,  7.0470594E-02,  1.0007116E+03,  4.2401234E+04,3,
  3.3039581E+01,  0.0000000E+00,  2.6990283E+02,2550,  3.9089459E-01,  0.0000000E+00,  9.4573893E-02,  1.0006966E+03,  4.1504715E+04,3,
  3.4890392E+01,  0.0000000E+00,  2.6980716E+02,2529,  3.7784517E-01,  0.0000000E+00,  7.0181429E-02,  9.9904657E+02, -5.6527109E+04,3,
  3.4916573E+01,  0.0000000E+00,  2.6980920E+02,2516,  3.7882203E-01,  0.0000000E+00,  7.3223814E-02,  9.9913904E+02, -5.1058996E+04,3,
  3.9749905E+01,  0.0000000E+00,  2.6966782E+02,2555,  3.6429703E-01,  0.0000000E+00, -5.7910066E-02,  1.0004453E+03,  2.6509125E+04,3,
  3.9773483E+01,  0.0000000E+00,  2.6965765E+02,2543,  3.5027835E-01,  0.0000000E+00,  1.9437207E-02,  1.0004343E+03,  2.5857814E+04,3,
  4.4398605E+01,  0.0000000E+00,  2.6963165E+02,2551,  4.1986233E-01,  0.0000000E+00,  4.2127818E-02,  9.9991919E+02, -4.8036641E+03,3,
  4.8785221E+01,  0.0000000E+00,  2.6983878E+02,2537,  3.8368219E-01,  0.0000000E+00, -2.9184122E-02,  1.0001098E+03,  6.5307666E+03,3,
  4.8760708E+01,  0.0000000E+00,  2.6983856E+02,2500,  3.8590419E-01,  0.0000000E+00, -2.9420309E-02,  1.0000906E+03,  5.3905674E+03,3,
  4.8800411E+01,  0.0000000E+00,  2.6984109E+02,2541,  3.8401881E-01,  0.0000000E+00, -3.3070046E-02,  1.0001133E+03,  6.7413911E+03,3,
  4.8672497E+01,  0.0000000E+00,  2.6982651E+02,2512,  3.8732073E-01,  0.0000000E+00, -2.2311902E-02,  1.0000270E+03,  1.6077885E+03,3,
  5.5028496E+01,  0.0000000E+00,  2.6978653E+02,2504,  4.1510350E-01,  0.0000000E+00, -2.6450433E-02,  9.9929443E+02, -4.1862832E+04,3,
  5.6002502E+01,  0.0000000E+00,  2.6988000E+02,2496,  3.9133912E-01,  0.0000000E+00, -4.8496027E-02,  1.0006343E+03,  3.7784664E+04,3,
  5.7082935E+01,  0.0000000E+00,  2.6977451E+02,2542,  3.9531752E-01,  0.0000000E+00,  7.4783555E-04,  1.0000494E+03,  2.9363162E+03,3,
  5.7089745E+01,  0.0000000E+00,  2.6976590E+02,2546,  3.9795378E-01,  0.0000000E+00, -1.7896727E-02,  1.0000464E+03,  2.7584429E+03,3,
  5.9009647E+01,  0.0000000E+00,  2.6971848E+02,2547,  3.9971754E-01,  0.0000000E+00,  1.4450164E-02,  9.9999438E+02, -3.3386465E+02,3,
  7.1305328E+01,  0.0000000E+00,  2.6649066E+02,2525,  2.5347743E-02,  0.0000000E+00,  4.5372709E-04,  9.9996283E+02, -2.2098298E+03,3,
  7.1311829E+01,  0.0000000E+00,  2.6649466E+02,2533, -9.1975145E-03,  0.0000000E+00, -1.0155670E-01,  9.9995996E+02, -2.3803545E+03,3,
  7.1336174E+01,  0.0000000E+00,  2.6648108E+02,2517,  2.0874593E-02,  0.0000000E+00, -1.2454211E-02,  9.9994995E+02, -2.9753538E+03,3,
  7.1332382E+01,  0.0000000E+00,  2.6650363E+02,2492,  2.3844581E-02,  0.0000000E+00, -6.4381510E-03,  9.9995380E+02, -2.7467910E+03,3,
  8.1413269E+01,  0.0000000E+00,  2.6552353E+02,2538,  2.2913355E-03,  0.0000000E+00, -3.6354795E-02,  1.0008686E+03,  5.1779422E+04,3,
  7.9367798E+01,  0.0000000E+00,  2.6890033E+02,2535,  9.0970479E-02,  0.0000000E+00, -5.6223113E-02,  1.0007951E+03,  4.7388223E+04,3,
  7.8108978E+01,  0.0000000E+00,  2.6583896E+02,2513, -6.4111222E-03,  0.0000000E+00, -5.1749911E-02,  9.9998413E+02, -9.4350153E+02,3,
  7.8143585E+01,  0.0000000E+00,  2.6583347E+02,2521, -5.7499595E-03,  0.0000000E+00, -4.9892671E-02,  1.0000046E+03,  2.7580972E+02,3,
  7.3995667E+01,  0.0000000E+00,  2.6487521E+02,2488,  1.7928708E-02,  0.0000000E+00, -4.6431649E-02,  1.0020817E+03,  1.2455084E+05,3,
  8.3131294E+01,  0.0000000E+00,  2.6572821E+02,2534,  1.2386126E-02,  0.0000000E+00, -5.3924188E-02,  1.0001819E+03,  1.0820397E+04,3,
  8.5024994E+01,  0.0000000E+00,  2.6578195E+02,2526,  4.0164549E-02,  0.0000000E+00, -4.0486261E-02,  1.0008320E+03,  4.9594523E+04,3,
  9.0035057E+01,  0.0000000E+00,  2.6573203E+02,2484,  2.7774837E-02,  0.0000000E+00, -1.2508697E-02,  9.9984430E+02, -9.2533193E+03,3,
  8.8205635E+01,  0.0000000E+00,  2.6576212E+02,2480,  1.7025987E-02,  0.0000000E+00, -2.1203218E-02,  1.0003372E+03,  2.0070658E+04,3,
  9.2582016E+01,  0.0000000E+00,  2.6859763E+02,2539, -1.6042134E-02,  0.0000000E+00, -6.5606413E-04,  1.0009125E+03,  5.4406312E+04,3,
  8.8465965E+01,  0.0000000E+00,  2.6572015E+02,2509,  1.5219562E-02,  0.0000000E+00, -2.2072213E-02,  1.0006252E+03,  3.7245535E+04,3,
  9.2688309E+01,  0.0000000E+00,  2.6550159E+02,2530,  4.8211981E-02,  0.0000000E+00,  1.9469684E-03,  1.0005247E+03,  3.1247881E+04,3,
  9.6848129E+01,  0.0000000E+00,  2.6573181E+02,2476,  1.9764334E-02,  0.0000000E+00,  2.1391558E-02,  1.0006146E+03,  3.6608090E+04,3,
  9.6923042E+01,  0.0000000E+00,  2.6572568E+02,2505,  1.8752376E-02,  0.0000000E+00,  2.0903353E-02,  1.0006752E+03,  4.0225680E+04,3,
  9.9381882E+01,  0.0000000E+00,  2.6585013E+02,2501,  2.0358760E-02,  0.0000000E+00,  2.2310846E-02,  9.9985822E+02, -8.4266396E+03,3,
  1.0543793E+02,  0.0000000E+00,  2.6541379E+02,2527,  1.4312465E-02,  0.0000000E+00,  2.7186107E-03,  1.0011730E+03,  6.9988500E+04,3,
  1.0085191E+02,  0.0000000E+00,  2.6591452E+02,2518,  2.3896242E-02,  0.0000000E+00,  1.0719472E-02,  1.0003408E+03,  2.0285207E+04,3,
  1.0085992E+02,  0.0000000E+00,  2.6591547E+02,2522,  2.3763539E-02,  0.0000000E+00,  1.1086693E-02,  1.0003411E+03,  2.0303389E+04,3,
  1.0706497E+02,  0.0000000E+00,  2.6543600E+02,2519,  2.2920093E-02,  0.0000000E+00,  1.4718034E-02,  1.0008575E+03,  5.1115512E+04,3,
  1.0871389E+02,  0.0000000E+00,  2.6644586E+02,2523,  8.5716769E-03,  0.0000000E+00,  2.0809788E-02,  1.0011025E+03,  6.5771938E+04,3,
  1.1277298E+02,  0.0000000E+00,  2.6909055E+02,2507,  2.1736449E-02,  0.0000000E+00,  9.3950108E-03,  9.9993390E+02, -3.9294546E+03,3,
  1.1247185E+02,  0.0000000E+00,  2.6888321E+02,2531,  2.7915176E-02,  0.0000000E+00,  6.9948807E-03,  9.9949115E+02, -3.0209033E+04,3,
  1.1257378E+02,  0.0000000E+00,  2.6896402E+02,2511,  2.5191659E-02,  0.0000000E+00,  7.7537764E-03,  9.9971252E+02, -1.7077973E+04,3,
  1.2024967E+02,  0.0000000E+00,  2.6993555E+02,2514,  1.7719861E-02,  0.0000000E+00,  1.5358173E-02,  9.9997559E+02, -1.4515037E+03,3,
  1.2094234E+02,  0.0000000E+00,  2.6990173E+02,2493,  1.9663135E-02,  0.0000000E+00,  1.6391464E-02,  9.9972479E+02, -1.6349770E+04,3,
  1.2099258E+02,  0.0000000E+00,  2.6989438E+02,2472,  1.8292747E-02,  0.0000000E+00,  1.3413955E-02,  9.9967657E+02, -1.9211555E+04,3,
  1.2097540E+02,  0.0000000E+00,  2.6989551E+02,2497,  1.7120702E-02,  0.0000000E+00,  1.0201013E-02,  9.9969208E+02, -1.8291527E+04,3,
  1.2502975E+02,  0.0000000E+00,  2.6997083E+02,2468,  2.0255083E-02,  0.0000000E+00, -1.0561552E-02,  1.0006391E+03,  3.8072453E+04,3,
  1.2781969E+02,  0.0000000E+00,  2.6979514E+02,2506,  1.6934607E-02,  0.0000000E+00, -1.0370597E-02,  9.9960535E+02, -2.3437512E+04,3,
  1.2806163E+02,  0.0000000E+00,  2.6979095E+02,2510,  1.7065078E-02,  0.0000000E+00, -1.0927231E-02,  9.9970209E+02, -1.7697447E+04,3,
  1.3018156E+02,  0.0000000E+00,  2.6963608E+02,2515,  2.1751424E-02,  0.0000000E+00, -5.7470616E-02,  9.9991772E+02, -4.8907183E+03,3,
  1.3046597E+02,  0.0000000E+00,  2.6957587E+02,2503,  1.9327922E-02,  0.0000000E+00,  5.3316187E-03,  9.9991815E+02, -4.8653276E+03,3,
