chainage_m,easting,northing,longitude,latitude,dem_elevation_m
0.0,730450.1,1269149.74,77.1125,11.47322,262.894
10.0,730459.618,1269146.672,77.112587,11.473192,262.894
20.0,730469.136,1269143.604,77.112674,11.473163,262.894
30.0,730478.653,1269140.537,77.112761,11.473135,261.959
40.0,730488.171,1269137.469,77.112848,11.473107,261.959
50.0,730497.689,1269134.401,77.112935,11.473078,261.959
60.0,730507.207,1269131.333,77.113022,11.47305,259.863
70.0,730516.725,1269128.265,77.113109,11.473022,257.684
80.0,730526.242,1269125.197,77.113196,11.472993,257.684
90.0,730535.76,1269122.13,77.113283,11.472965,257.519
100.0,730545.278,1269119.062,77.11337,11.472936,257.519
110.0,730554.796,1269115.994,77.113457,11.472908,257.519
120.0,730564.314,1269112.926,77.113544,11.47288,258.0
130.0,730573.831,1269109.858,77.113631,11.472851,258.0
140.0,730583.349,1269106.791,77.113718,11.472823,258.0
150.0,730592.867,1269103.723,77.113805,11.472795,257.114
160.0,730602.385,1269100.655,77.113892,11.472766,255.183
170.0,730611.903,1269097.587,77.113979,11.472738,255.183
180.0,730621.42,1269094.519,77.114066,11.47271,255.183
190.0,730630.938,1269091.451,77.114153,11.472681,252.031
200.0,730640.456,1269088.384,77.11424,11.472653,252.031
210.0,730649.974,1269085.316,77.114327,11.472625,252.031
220.0,730659.492,1269082.248,77.114414,11.472596,249.632
230.0,730669.009,1269079.18,77.114501,11.472568,249.632
240.0,730678.527,1269076.112,77.114588,11.472539,249.632
250.0,730688.045,1269073.044,77.114675,11.472511,247.247
260.0,730697.563,1269069.977,77.114762,11.472483,247.545
270.0,730707.081,1269066.909,77.114849,11.472454,247.545
280.0,730716.598,1269063.841,77.114936,11.472426,249.381
290.0,730723.265,1269066.337,77.114997,11.472448,249.381
300.0,730726.333,1269075.855,77.115026,11.472534,246.933
310.0,730729.4,1269085.373,77.115055,11.47262,246.933
320.0,730732.468,1269094.89,77.115084,11.472706,246.933
330.0,730735.536,1269104.408,77.115112,11.472791,245.702
340.0,730738.165,1269114.026,77.115137,11.472878,245.702
350.0,730739.515,1269123.934,77.11515,11.472968,245.702
360.0,730740.864,1269133.843,77.115163,11.473057,245.0
370.0,730742.214,1269143.751,77.115176,11.473147,247.016
380.0,730743.563,1269153.66,77.115189,11.473236,247.016
390.0,730744.912,1269163.568,77.115202,11.473325,246.747
400.0,730746.262,1269173.477,77.115215,11.473415,246.747
410.0,730747.611,1269183.386,77.115228,11.473504,246.747
420.0,730748.961,1269193.294,77.115241,11.473594,247.937
430.0,730750.31,1269203.203,77.115254,11.473683,247.937
440.0,730751.66,1269213.111,77.115267,11.473773,247.937
450.0,730753.009,1269223.02,77.11528,11.473862,249.609
460.0,730754.359,1269232.928,77.115293,11.473952,249.609
470.0,730755.708,1269242.837,77.115306,11.474041,249.609
480.0,730757.058,1269252.745,77.115319,11.474131,250.289
490.0,730758.407,1269262.654,77.115332,11.47422,250.289
500.0,730759.756,1269272.562,77.115346,11.474309,250.289
510.0,730761.106,1269282.471,77.115359,11.474399,250.469
520.0,730762.455,1269292.379,77.115372,11.474488,250.469
530.0,730763.805,1269302.288,77.115385,11.474578,250.469
540.0,730765.154,1269312.196,77.115398,11.474667,249.111
550.0,730766.504,1269322.105,77.115411,11.474757,249.111
560.0,730767.853,1269332.013,77.115424,11.474846,249.111
570.0,730769.203,1269341.922,77.115437,11.474936,247.647
580.0,730770.552,1269351.831,77.11545,11.475025,247.647
590.0,730771.902,1269361.739,77.115463,11.475115,249.615
600.0,730773.251,1269371.648,77.115476,11.475204,250.287
610.0,730768.433,1269380.186,77.115432,11.475282,247.691
620.0,730763.015,1269388.591,77.115383,11.475358,247.691
630.0,730757.597,1269396.996,77.115334,11.475434,247.691
640.0,730752.179,1269405.401,77.115285,11.475511,248.335
650.0,730746.761,1269413.806,77.115236,11.475587,248.335
660.0,730741.343,1269422.211,77.115187,11.475663,246.774
670.0,730735.925,1269430.616,77.115138,11.475739,246.774
680.0,730730.507,1269439.021,77.115089,11.475816,246.605
690.0,730725.089,1269447.426,77.11504,11.475892,246.605
700.0,730719.671,1269455.832,77.114991,11.475968,246.605
710.0,730714.253,1269464.237,77.114942,11.476045,247.511
720.0,730708.835,1269472.642,77.114892,11.476121,246.926
730.0,730703.417,1269481.047,77.114843,11.476197,246.926
740.0,730697.999,1269489.452,77.114794,11.476274,246.926
750.0,730692.581,1269497.857,77.114745,11.47635,247.01
760.0,730687.163,1269506.262,77.114696,11.476426,247.01
770.0,730681.745,1269514.667,77.114647,11.476503,247.01
780.0,730676.327,1269523.072,77.114598,11.476579,246.406
790.0,730670.909,1269531.477,77.114549,11.476655,246.406
800.0,730665.491,1269539.882,77.1145,11.476732,246.406
810.0,730660.073,1269548.287,77.114451,11.476808,246.406
820.0,730654.655,1269556.692,77.114402,11.476884,246.34
830.0,730651.265,1269566.027,77.114371,11.476969,248.461
840.0,730648.431,1269575.618,77.114346,11.477056,248.461
850.0,730645.597,1269585.208,77.114321,11.477143,249.508
860.0,730642.763,1269594.798,77.114295,11.477229,249.508
870.0,730639.929,1269604.388,77.11427,11.477316,249.508
880.0,730637.095,1269613.978,77.114245,11.477403,250.457
890.0,730634.262,1269623.568,77.114219,11.47749,250.457
900.0,730631.428,1269633.158,77.114194,11.477577,250.457
910.0,730628.594,1269642.748,77.114169,11.477664,250.549
920.0,730625.76,1269652.338,77.114143,11.477751,250.549
930.0,730622.926,1269661.928,77.114118,11.477837,250.549
940.0,730620.092,1269671.518,77.114093,11.477924,246.153
950.0,730617.258,1269681.108,77.114067,11.478011,246.153
960.0,730614.424,1269690.698,77.114042,11.478098,246.153
970.0,730611.59,1269700.288,77.114017,11.478185,246.153
980.0,730608.756,1269709.878,77.113991,11.478272,244.254
990.0,730605.922,1269719.468,77.113966,11.478359,244.254
1000.0,730603.088,1269729.058,77.113941,11.478445,244.254
1010.0,730600.254,1269738.648,77.113915,11.478532,243.279
1020.0,730597.42,1269748.238,77.11389,11.478619,243.279
1030.0,730594.586,1269757.828,77.113865,11.478706,243.279
1040.0,730591.752,1269767.418,77.113839,11.478793,244.703
1050.0,730588.918,1269777.008,77.113814,11.47888,244.5
1060.0,730586.085,1269786.598,77.113789,11.478967,244.5
1070.0,730583.251,1269796.188,77.113764,11.479053,244.208
1080.0,730580.417,1269805.778,77.113738,11.47914,244.208
1090.0,730577.583,1269815.368,77.113713,11.479227,244.208
1100.0,730574.749,1269824.958,77.113688,11.479314,244.221
1110.0,730571.915,1269834.548,77.113662,11.479401,244.221
1120.0,730569.081,1269844.139,77.113637,11.479488,244.221
1130.0,730569.242,1269854.116,77.113639,11.479578,244.437
1140.0,730569.541,1269864.112,77.113642,11.479668,244.437
1150.0,730569.84,1269874.107,77.113646,11.479759,244.437
1160.0,730570.139,1269884.103,77.113649,11.479849,243.978
1170.0,730570.438,1269894.098,77.113653,11.479939,243.978
1180.0,730570.737,1269904.094,77.113656,11.48003,243.978
1190.0,730571.036,1269914.089,77.11366,11.48012,243.257
1200.0,730571.335,1269924.085,77.113663,11.48021,243.257
1210.0,730571.634,1269934.08,77.113666,11.4803,243.257
1220.0,730571.933,1269944.076,77.11367,11.480391,243.537
1230.0,730572.232,1269954.071,77.113673,11.480481,243.537
1240.0,730572.531,1269964.067,77.113677,11.480571,243.537
1250.0,730572.83,1269974.062,77.11368,11.480662,244.0
1260.0,730573.129,1269984.058,77.113683,11.480752,244.0
1270.0,730573.428,1269994.054,77.113687,11.480842,244.0
1280.0,730573.727,1270004.049,77.11369,11.480933,244.0
1290.0,730574.026,1270014.045,77.113694,11.481023,244.0
1300.0,730574.325,1270024.04,77.113697,11.481113,244.0
1310.0,730574.624,1270034.036,77.1137,11.481204,243.712
1320.0,730574.923,1270044.031,77.113704,11.481294,243.712
1330.0,730575.222,1270054.027,77.113707,11.481384,243.712
1340.0,730575.521,1270064.022,77.113711,11.481475,244.051
1350.0,730575.82,1270074.018,77.113714,11.481565,244.051
1360.0,730576.119,1270084.013,77.113718,11.481655,244.051
1370.0,730576.418,1270094.009,77.113721,11.481745,245.35
1380.0,730576.717,1270104.004,77.113724,11.481836,245.35
1390.0,730577.016,1270114.0,77.113728,11.481926,245.35
1400.0,730578.679,1270123.611,77.113744,11.482013,246.574
1410.0,730583.638,1270132.295,77.11379,11.482091,246.574
1420.0,730588.598,1270140.978,77.113836,11.482169,246.574
1430.0,730593.558,1270149.662,77.113882,11.482247,246.497
1440.0,730598.517,1270158.345,77.113928,11.482325,246.431
1450.0,730603.477,1270167.029,77.113974,11.482404,246.431
1460.0,730608.436,1270175.712,77.11402,11.482482,246.431
1470.0,730613.396,1270184.396,77.114066,11.48256,245.802
1480.0,730618.355,1270193.079,77.114112,11.482638,245.802
1490.0,730623.315,1270201.763,77.114158,11.482716,244.189
1500.0,730628.274,1270210.446,77.114204,11.482794,244.189
